<?xml version="1.0" encoding="UTF-8"?>
<?xml-stylesheet type="text/xsl" href="HTMLFiles/pmathml.xsl"?>
<!DOCTYPE html PUBLIC "-//W3C//DTD XHTML 1.1 plus MathML 2.0//EN"
        "HTMLFiles/xhtml-math11-f.dtd">

<!-- Created by Wolfram Mathematica 7.0 : www.wolfram.com -->

<html xmlns="http://www.w3.org/1999/xhtml">
<head>
 <title>
  math_const_N2
 </title>
 <link href="HTMLFiles/math_const_N2.css" rel="stylesheet" type="text/css" />
</head>

<body style="font-size: 125%;">

<p class="Input">
 <math xmlns='http://www.w3.org/1998/Math/MathML'>
 <mrow>
  <mn>1.</mn>
  <mtext> </mtext>
  <mi>Optimal</mi>
  <mo>&InvisibleTimes;</mo>
  <mi>Prize</mi>
 </mrow>
</math>
</p>

<p class="Input">
 <img src='HTMLFiles/math_const_N2_1.gif' alt='"math_const_N2_1.gif"' width='714' height='723' style='vertical-align:middle' />
</p>

<p class="Print">
 <math xmlns='http://www.w3.org/1998/Math/MathML'>
 <mrow>
  <mtext>eps=</mtext>
  <mtext>&ZeroWidthSpace;</mtext>
  <mn>0.025</mn>
  <mtext>&ZeroWidthSpace;</mtext>
  <mtext>, imax=</mtext>
  <mtext>&ZeroWidthSpace;</mtext>
  <mn>5</mn>
  <mtext>&ZeroWidthSpace;</mtext>
  <mtext>, M=</mtext>
  <mtext>&ZeroWidthSpace;</mtext>
  <mn>0.33999999999999997</mn>
  <mtext>&ZeroWidthSpace;</mtext>
  <mtext>, profit=</mtext>
  <mtext>&ZeroWidthSpace;</mtext>
  <mn>0.34120077736466603</mn>
 </mrow>
</math>
</p>

<p class="Print">
 <math xmlns='http://www.w3.org/1998/Math/MathML'>
 <mrow>
  <mtext>eps=</mtext>
  <mtext>&ZeroWidthSpace;</mtext>
  <mn>0.05</mn>
  <mtext>&ZeroWidthSpace;</mtext>
  <mtext>, imax=</mtext>
  <mtext>&ZeroWidthSpace;</mtext>
  <mn>5</mn>
  <mtext>&ZeroWidthSpace;</mtext>
  <mtext>, M=</mtext>
  <mtext>&ZeroWidthSpace;</mtext>
  <mn>0.33999999999999997</mn>
  <mtext>&ZeroWidthSpace;</mtext>
  <mtext>, profit=</mtext>
  <mtext>&ZeroWidthSpace;</mtext>
  <mn>0.3400204034989568</mn>
 </mrow>
</math>
</p>

<p class="Print">
 <math xmlns='http://www.w3.org/1998/Math/MathML'>
 <mrow>
  <mtext>eps=</mtext>
  <mtext>&ZeroWidthSpace;</mtext>
  <mn>0.07500000000000001</mn>
  <mtext>&ZeroWidthSpace;</mtext>
  <mtext>, imax=</mtext>
  <mtext>&ZeroWidthSpace;</mtext>
  <mn>4</mn>
  <mtext>&ZeroWidthSpace;</mtext>
  <mtext>, M=</mtext>
  <mtext>&ZeroWidthSpace;</mtext>
  <mn>0.32999999999999996</mn>
  <mtext>&ZeroWidthSpace;</mtext>
  <mtext>, profit=</mtext>
  <mtext>&ZeroWidthSpace;</mtext>
  <mn>0.3388820480407053</mn>
 </mrow>
</math>
</p>

<p class="Print">
 <math xmlns='http://www.w3.org/1998/Math/MathML'>
 <mrow>
  <mtext>eps=</mtext>
  <mtext>&ZeroWidthSpace;</mtext>
  <mn>0.1</mn>
  <mtext>&ZeroWidthSpace;</mtext>
  <mtext>, imax=</mtext>
  <mtext>&ZeroWidthSpace;</mtext>
  <mn>4</mn>
  <mtext>&ZeroWidthSpace;</mtext>
  <mtext>, M=</mtext>
  <mtext>&ZeroWidthSpace;</mtext>
  <mn>0.32999999999999996</mn>
  <mtext>&ZeroWidthSpace;</mtext>
  <mtext>, profit=</mtext>
  <mtext>&ZeroWidthSpace;</mtext>
  <mn>0.33774670255413786</mn>
 </mrow>
</math>
</p>

<p class="Print">
 <math xmlns='http://www.w3.org/1998/Math/MathML'>
 <mrow>
  <mtext>eps=</mtext>
  <mtext>&ZeroWidthSpace;</mtext>
  <mn>0.125</mn>
  <mtext>&ZeroWidthSpace;</mtext>
  <mtext>, imax=</mtext>
  <mtext>&ZeroWidthSpace;</mtext>
  <mn>4</mn>
  <mtext>&ZeroWidthSpace;</mtext>
  <mtext>, M=</mtext>
  <mtext>&ZeroWidthSpace;</mtext>
  <mn>0.32999999999999996</mn>
  <mtext>&ZeroWidthSpace;</mtext>
  <mtext>, profit=</mtext>
  <mtext>&ZeroWidthSpace;</mtext>
  <mn>0.3366079107356822</mn>
 </mrow>
</math>
</p>

<p class="Print">
 <math xmlns='http://www.w3.org/1998/Math/MathML'>
 <mrow>
  <mtext>eps=</mtext>
  <mtext>&ZeroWidthSpace;</mtext>
  <mn>0.15</mn>
  <mtext>&ZeroWidthSpace;</mtext>
  <mtext>, imax=</mtext>
  <mtext>&ZeroWidthSpace;</mtext>
  <mn>3</mn>
  <mtext>&ZeroWidthSpace;</mtext>
  <mtext>, M=</mtext>
  <mtext>&ZeroWidthSpace;</mtext>
  <mn>0.32</mn>
  <mtext>&ZeroWidthSpace;</mtext>
  <mtext>, profit=</mtext>
  <mtext>&ZeroWidthSpace;</mtext>
  <mn>0.3355100372448943</mn>
 </mrow>
</math>
</p>

<p class="Print">
 <math xmlns='http://www.w3.org/1998/Math/MathML'>
 <mrow>
  <mtext>eps=</mtext>
  <mtext>&ZeroWidthSpace;</mtext>
  <mn>0.175</mn>
  <mtext>&ZeroWidthSpace;</mtext>
  <mtext>, imax=</mtext>
  <mtext>&ZeroWidthSpace;</mtext>
  <mn>3</mn>
  <mtext>&ZeroWidthSpace;</mtext>
  <mtext>, M=</mtext>
  <mtext>&ZeroWidthSpace;</mtext>
  <mn>0.32</mn>
  <mtext>&ZeroWidthSpace;</mtext>
  <mtext>, profit=</mtext>
  <mtext>&ZeroWidthSpace;</mtext>
  <mn>0.33441661006650897</mn>
 </mrow>
</math>
</p>

<p class="Print">
 <math xmlns='http://www.w3.org/1998/Math/MathML'>
 <mrow>
  <mtext>eps=</mtext>
  <mtext>&ZeroWidthSpace;</mtext>
  <mn>0.19999999999999998</mn>
  <mtext>&ZeroWidthSpace;</mtext>
  <mtext>, imax=</mtext>
  <mtext>&ZeroWidthSpace;</mtext>
  <mn>3</mn>
  <mtext>&ZeroWidthSpace;</mtext>
  <mtext>, M=</mtext>
  <mtext>&ZeroWidthSpace;</mtext>
  <mn>0.32</mn>
  <mtext>&ZeroWidthSpace;</mtext>
  <mtext>, profit=</mtext>
  <mtext>&ZeroWidthSpace;</mtext>
  <mn>0.33331991479613093</mn>
 </mrow>
</math>
</p>

<p class="Print">
 <math xmlns='http://www.w3.org/1998/Math/MathML'>
 <mrow>
  <mtext>eps=</mtext>
  <mtext>&ZeroWidthSpace;</mtext>
  <mn>0.22499999999999998</mn>
  <mtext>&ZeroWidthSpace;</mtext>
  <mtext>, imax=</mtext>
  <mtext>&ZeroWidthSpace;</mtext>
  <mn>2</mn>
  <mtext>&ZeroWidthSpace;</mtext>
  <mtext>, M=</mtext>
  <mtext>&ZeroWidthSpace;</mtext>
  <mn>0.31</mn>
  <mtext>&ZeroWidthSpace;</mtext>
  <mtext>, profit=</mtext>
  <mtext>&ZeroWidthSpace;</mtext>
  <mn>0.3322529336616989</mn>
 </mrow>
</math>
</p>

<p class="Print">
 <math xmlns='http://www.w3.org/1998/Math/MathML'>
 <mrow>
  <mtext>eps=</mtext>
  <mtext>&ZeroWidthSpace;</mtext>
  <mn>0.24999999999999997</mn>
  <mtext>&ZeroWidthSpace;</mtext>
  <mtext>, imax=</mtext>
  <mtext>&ZeroWidthSpace;</mtext>
  <mn>2</mn>
  <mtext>&ZeroWidthSpace;</mtext>
  <mtext>, M=</mtext>
  <mtext>&ZeroWidthSpace;</mtext>
  <mn>0.31</mn>
  <mtext>&ZeroWidthSpace;</mtext>
  <mtext>, profit=</mtext>
  <mtext>&ZeroWidthSpace;</mtext>
  <mn>0.3312018746717767</mn>
 </mrow>
</math>
</p>

<p class="Print">
 <math xmlns='http://www.w3.org/1998/Math/MathML'>
 <mtext>profcon=</mtext>
</math>
</p>

<p class="Output">
 <math xmlns='http://www.w3.org/1998/Math/MathML'>
 <mrow>
  <mo>{</mo>
  <mrow>
   <mn>0.34120077736466603</mn>
   <mo>,</mo>
   <mn>0.3400204034989568</mn>
   <mo>,</mo>
   <mn>0.3388820480407053</mn>
   <mo>,</mo>
   <mn>0.33774670255413786</mn>
   <mo>,</mo>
   <mn>0.3366079107356822</mn>
   <mo>,</mo>
   <mn>0.3355100372448943</mn>
   <mo>,</mo>
   <mn>0.33441661006650897</mn>
   <mo>,</mo>
   <mn>0.33331991479613093</mn>
   <mo>,</mo>
   <mn>0.3322529336616989</mn>
   <mo>,</mo>
   <mn>0.3312018746717767</mn>
  </mrow>
  <mo>}</mo>
 </mrow>
</math>
</p>

<p class="Print">
 <math xmlns='http://www.w3.org/1998/Math/MathML'>
 <mtext>agtpaycon=</mtext>
</math>
</p>

<p class="Output">
 <math xmlns='http://www.w3.org/1998/Math/MathML'>
 <mrow>
  <mo>{</mo>
  <mrow>
   <mn>0.0257668060467975</mn>
   <mo>,</mo>
   <mn>0.02611288004215399</mn>
   <mo>,</mo>
   <mn>0.025651245801888295</mn>
   <mo>,</mo>
   <mn>0.02597754218836683</mn>
   <mo>,</mo>
   <mn>0.026303980314633428</mn>
   <mo>,</mo>
   <mn>0.025765984150440246</mn>
   <mo>,</mo>
   <mn>0.026073178445906755</mn>
   <mo>,</mo>
   <mn>0.026380502307949742</mn>
   <mo>,</mo>
   <mn>0.025770174868269356</mn>
   <mo>,</mo>
   <mn>0.026058798353673553</mn>
  </mrow>
  <mo>}</mo>
 </mrow>
</math>
</p>

<p class="Print">
 <math xmlns='http://www.w3.org/1998/Math/MathML'>
 <mtext>swcon=</mtext>
</math>
</p>

<p class="Output">
 <math xmlns='http://www.w3.org/1998/Math/MathML'>
 <mrow>
  <mo>{</mo>
  <mrow>
   <mn>0.40561779248165974</mn>
   <mo>,</mo>
   <mn>0.4053026036043418</mn>
   <mo>,</mo>
   <mn>0.40301016254542604</mn>
   <mo>,</mo>
   <mn>0.40269055802505493</mn>
   <mo>,</mo>
   <mn>0.4023678615222658</mn>
   <mo>,</mo>
   <mn>0.3999249976209949</mn>
   <mo>,</mo>
   <mn>0.39959955618127585</mn>
   <mo>,</mo>
   <mn>0.3992711705660053</mn>
   <mo>,</mo>
   <mn>0.3966783708323723</mn>
   <mo>,</mo>
   <mn>0.3963488705559606</mn>
  </mrow>
  <mo>}</mo>
 </mrow>
</math>
</p>

<p class="Input">
 <math xmlns='http://www.w3.org/1998/Math/MathML'>
 <mrow>
  <mn>2.</mn>
  <mtext> </mtext>
  <mi>Standard</mi>
  <mo>&InvisibleTimes;</mo>
  <mi>Prize</mi>
  <mo>&InvisibleTimes;</mo>
  <mrow>
   <mo>(</mo>
   <mrow>
    <mi>M</mi>
    <mo>=</mo>
    <mn>1</mn>
   </mrow>
   <mo>)</mo>
  </mrow>
 </mrow>
</math>
</p>

<p class="Input">
 <img src='HTMLFiles/math_const_N2_2.gif' alt='"math_const_N2_2.gif"' width='623' height='393' style='vertical-align:middle' />
</p>

<p class="Print">
 <math xmlns='http://www.w3.org/1998/Math/MathML'>
 <mrow>
  <mtext>eps=</mtext>
  <mtext>&ZeroWidthSpace;</mtext>
  <mn>0.025</mn>
  <mtext>&ZeroWidthSpace;</mtext>
  <mtext>  Profit=</mtext>
  <mtext>&ZeroWidthSpace;</mtext>
  <mn>0.16431432521424094</mn>
  <mtext>&ZeroWidthSpace;</mtext>
  <mtext>  Payoff=</mtext>
  <mtext>&ZeroWidthSpace;</mtext>
  <mn>0.0777610320620987</mn>
  <mtext>&ZeroWidthSpace;</mtext>
  <mtext>  Sw=</mtext>
  <mtext>&ZeroWidthSpace;</mtext>
  <mn>0.3587169053694877</mn>
 </mrow>
</math>
</p>

<p class="Print">
 <math xmlns='http://www.w3.org/1998/Math/MathML'>
 <mrow>
  <mtext>eps=</mtext>
  <mtext>&ZeroWidthSpace;</mtext>
  <mn>0.05</mn>
  <mtext>&ZeroWidthSpace;</mtext>
  <mtext>  Profit=</mtext>
  <mtext>&ZeroWidthSpace;</mtext>
  <mn>0.1583062313005701</mn>
  <mtext>&ZeroWidthSpace;</mtext>
  <mtext>  Payoff=</mtext>
  <mtext>&ZeroWidthSpace;</mtext>
  <mn>0.08075868143845975</mn>
  <mtext>&ZeroWidthSpace;</mtext>
  <mtext>  Sw=</mtext>
  <mtext>&ZeroWidthSpace;</mtext>
  <mn>0.3602029348967195</mn>
 </mrow>
</math>
</p>

<p class="Print">
 <math xmlns='http://www.w3.org/1998/Math/MathML'>
 <mrow>
  <mtext>eps=</mtext>
  <mtext>&ZeroWidthSpace;</mtext>
  <mn>0.07500000000000001</mn>
  <mtext>&ZeroWidthSpace;</mtext>
  <mtext>  Profit=</mtext>
  <mtext>&ZeroWidthSpace;</mtext>
  <mn>0.15224206227887294</mn>
  <mtext>&ZeroWidthSpace;</mtext>
  <mtext>  Payoff=</mtext>
  <mtext>&ZeroWidthSpace;</mtext>
  <mn>0.08376028498373006</mn>
  <mtext>&ZeroWidthSpace;</mtext>
  <mtext>  Sw=</mtext>
  <mtext>&ZeroWidthSpace;</mtext>
  <mn>0.36164277473819806</mn>
 </mrow>
</math>
</p>

<p class="Print">
 <math xmlns='http://www.w3.org/1998/Math/MathML'>
 <mrow>
  <mtext>eps=</mtext>
  <mtext>&ZeroWidthSpace;</mtext>
  <mn>0.1</mn>
  <mtext>&ZeroWidthSpace;</mtext>
  <mtext>  Profit=</mtext>
  <mtext>&ZeroWidthSpace;</mtext>
  <mn>0.146120326910685</mn>
  <mtext>&ZeroWidthSpace;</mtext>
  <mtext>  Payoff=</mtext>
  <mtext>&ZeroWidthSpace;</mtext>
  <mn>0.08676584999912898</mn>
  <mtext>&ZeroWidthSpace;</mtext>
  <mtext>  Sw=</mtext>
  <mtext>&ZeroWidthSpace;</mtext>
  <mn>0.36303495190850743</mn>
 </mrow>
</math>
</p>

<p class="Print">
 <math xmlns='http://www.w3.org/1998/Math/MathML'>
 <mrow>
  <mtext>eps=</mtext>
  <mtext>&ZeroWidthSpace;</mtext>
  <mn>0.125</mn>
  <mtext>&ZeroWidthSpace;</mtext>
  <mtext>  Profit=</mtext>
  <mtext>&ZeroWidthSpace;</mtext>
  <mn>0.13993945122636897</mn>
  <mtext>&ZeroWidthSpace;</mtext>
  <mtext>  Payoff=</mtext>
  <mtext>&ZeroWidthSpace;</mtext>
  <mn>0.08977538766094129</mn>
  <mtext>&ZeroWidthSpace;</mtext>
  <mtext>  Sw=</mtext>
  <mtext>&ZeroWidthSpace;</mtext>
  <mn>0.3643779203787222</mn>
 </mrow>
</math>
</p>

<p class="Print">
 <math xmlns='http://www.w3.org/1998/Math/MathML'>
 <mrow>
  <mtext>eps=</mtext>
  <mtext>&ZeroWidthSpace;</mtext>
  <mn>0.15</mn>
  <mtext>&ZeroWidthSpace;</mtext>
  <mtext>  Profit=</mtext>
  <mtext>&ZeroWidthSpace;</mtext>
  <mn>0.13369780365805561</mn>
  <mtext>&ZeroWidthSpace;</mtext>
  <mtext>  Payoff=</mtext>
  <mtext>&ZeroWidthSpace;</mtext>
  <mn>0.09278889162742437</mn>
  <mtext>&ZeroWidthSpace;</mtext>
  <mtext>  Sw=</mtext>
  <mtext>&ZeroWidthSpace;</mtext>
  <mn>0.3656700327266166</mn>
 </mrow>
</math>
</p>

<p class="Print">
 <math xmlns='http://www.w3.org/1998/Math/MathML'>
 <mrow>
  <mtext>eps=</mtext>
  <mtext>&ZeroWidthSpace;</mtext>
  <mn>0.175</mn>
  <mtext>&ZeroWidthSpace;</mtext>
  <mtext>  Profit=</mtext>
  <mtext>&ZeroWidthSpace;</mtext>
  <mn>0.1273936085668692</mn>
  <mtext>&ZeroWidthSpace;</mtext>
  <mtext>  Payoff=</mtext>
  <mtext>&ZeroWidthSpace;</mtext>
  <mn>0.09580639280842043</mn>
  <mtext>&ZeroWidthSpace;</mtext>
  <mtext>  Sw=</mtext>
  <mtext>&ZeroWidthSpace;</mtext>
  <mn>0.3669095905879203</mn>
 </mrow>
</math>
</p>

<p class="Print">
 <math xmlns='http://www.w3.org/1998/Math/MathML'>
 <mrow>
  <mtext>eps=</mtext>
  <mtext>&ZeroWidthSpace;</mtext>
  <mn>0.19999999999999998</mn>
  <mtext>&ZeroWidthSpace;</mtext>
  <mtext>  Profit=</mtext>
  <mtext>&ZeroWidthSpace;</mtext>
  <mn>0.12102503132370934</mn>
  <mtext>&ZeroWidthSpace;</mtext>
  <mtext>  Payoff=</mtext>
  <mtext>&ZeroWidthSpace;</mtext>
  <mn>0.0988278957431382</mn>
  <mtext>&ZeroWidthSpace;</mtext>
  <mtext>  Sw=</mtext>
  <mtext>&ZeroWidthSpace;</mtext>
  <mn>0.36809477068155483</mn>
 </mrow>
</math>
</p>

<p class="Print">
 <math xmlns='http://www.w3.org/1998/Math/MathML'>
 <mrow>
  <mtext>eps=</mtext>
  <mtext>&ZeroWidthSpace;</mtext>
  <mn>0.22499999999999998</mn>
  <mtext>&ZeroWidthSpace;</mtext>
  <mtext>  Profit=</mtext>
  <mtext>&ZeroWidthSpace;</mtext>
  <mn>0.11459012246206668</mn>
  <mtext>&ZeroWidthSpace;</mtext>
  <mtext>  Payoff=</mtext>
  <mtext>&ZeroWidthSpace;</mtext>
  <mn>0.10185341132625542</mn>
  <mtext>&ZeroWidthSpace;</mtext>
  <mtext>  Sw=</mtext>
  <mtext>&ZeroWidthSpace;</mtext>
  <mn>0.36922365077770525</mn>
 </mrow>
</math>
</p>

<p class="Print">
 <math xmlns='http://www.w3.org/1998/Math/MathML'>
 <mrow>
  <mtext>eps=</mtext>
  <mtext>&ZeroWidthSpace;</mtext>
  <mn>0.24999999999999997</mn>
  <mtext>&ZeroWidthSpace;</mtext>
  <mtext>  Profit=</mtext>
  <mtext>&ZeroWidthSpace;</mtext>
  <mn>0.10808684060568807</mn>
  <mtext>&ZeroWidthSpace;</mtext>
  <mtext>  Payoff=</mtext>
  <mtext>&ZeroWidthSpace;</mtext>
  <mn>0.10488293468595286</mn>
  <mtext>&ZeroWidthSpace;</mtext>
  <mtext>  Sw=</mtext>
  <mtext>&ZeroWidthSpace;</mtext>
  <mn>0.37029417732057024</mn>
 </mrow>
</math>
</p>

<p class="Print">
 <math xmlns='http://www.w3.org/1998/Math/MathML'>
 <mrow>
  <mtext>proarrM1=</mtext>
  <mtext>&ZeroWidthSpace;</mtext>
  <mrow>
   <mo>{</mo>
   <mrow>
    <mrow>
     <mo>{</mo>
     <mrow>
      <mn>0.025</mn>
      <mo>,</mo>
      <mn>0.16431432521424094</mn>
     </mrow>
     <mo>}</mo>
    </mrow>
    <mo>,</mo>
    <mrow>
     <mo>{</mo>
     <mrow>
      <mn>0.05</mn>
      <mo>,</mo>
      <mn>0.1583062313005701</mn>
     </mrow>
     <mo>}</mo>
    </mrow>
    <mo>,</mo>
    <mrow>
     <mo>{</mo>
     <mrow>
      <mn>0.07500000000000001</mn>
      <mo>,</mo>
      <mn>0.15224206227887294</mn>
     </mrow>
     <mo>}</mo>
    </mrow>
    <mo>,</mo>
    <mrow>
     <mo>{</mo>
     <mrow>
      <mn>0.1</mn>
      <mo>,</mo>
      <mn>0.146120326910685</mn>
     </mrow>
     <mo>}</mo>
    </mrow>
    <mo>,</mo>
    <mrow>
     <mo>{</mo>
     <mrow>
      <mn>0.125</mn>
      <mo>,</mo>
      <mn>0.13993945122636897</mn>
     </mrow>
     <mo>}</mo>
    </mrow>
    <mo>,</mo>
    <mrow>
     <mo>{</mo>
     <mrow>
      <mn>0.15</mn>
      <mo>,</mo>
      <mn>0.13369780365805561</mn>
     </mrow>
     <mo>}</mo>
    </mrow>
    <mo>,</mo>
    <mrow>
     <mo>{</mo>
     <mrow>
      <mn>0.175</mn>
      <mo>,</mo>
      <mn>0.1273936085668692</mn>
     </mrow>
     <mo>}</mo>
    </mrow>
    <mo>,</mo>
    <mrow>
     <mo>{</mo>
     <mrow>
      <mn>0.19999999999999998</mn>
      <mo>,</mo>
      <mn>0.12102503132370934</mn>
     </mrow>
     <mo>}</mo>
    </mrow>
    <mo>,</mo>
    <mrow>
     <mo>{</mo>
     <mrow>
      <mn>0.22499999999999998</mn>
      <mo>,</mo>
      <mn>0.11459012246206668</mn>
     </mrow>
     <mo>}</mo>
    </mrow>
    <mo>,</mo>
    <mrow>
     <mo>{</mo>
     <mrow>
      <mn>0.24999999999999997</mn>
      <mo>,</mo>
      <mn>0.10808684060568807</mn>
     </mrow>
     <mo>}</mo>
    </mrow>
   </mrow>
   <mo>}</mo>
  </mrow>
  <mtext>&ZeroWidthSpace;</mtext>
  <mtext>&NewLine;payarrM1=</mtext>
  <mtext>&ZeroWidthSpace;</mtext>
  <mrow>
   <mo>{</mo>
   <mrow>
    <mrow>
     <mo>{</mo>
     <mrow>
      <mn>0.025</mn>
      <mo>,</mo>
      <mn>0.0777610320620987</mn>
     </mrow>
     <mo>}</mo>
    </mrow>
    <mo>,</mo>
    <mrow>
     <mo>{</mo>
     <mrow>
      <mn>0.05</mn>
      <mo>,</mo>
      <mn>0.08075868143845975</mn>
     </mrow>
     <mo>}</mo>
    </mrow>
    <mo>,</mo>
    <mrow>
     <mo>{</mo>
     <mrow>
      <mn>0.07500000000000001</mn>
      <mo>,</mo>
      <mn>0.08376028498373006</mn>
     </mrow>
     <mo>}</mo>
    </mrow>
    <mo>,</mo>
    <mrow>
     <mo>{</mo>
     <mrow>
      <mn>0.1</mn>
      <mo>,</mo>
      <mn>0.08676584999912898</mn>
     </mrow>
     <mo>}</mo>
    </mrow>
    <mo>,</mo>
    <mrow>
     <mo>{</mo>
     <mrow>
      <mn>0.125</mn>
      <mo>,</mo>
      <mn>0.08977538766094129</mn>
     </mrow>
     <mo>}</mo>
    </mrow>
    <mo>,</mo>
    <mrow>
     <mo>{</mo>
     <mrow>
      <mn>0.15</mn>
      <mo>,</mo>
      <mn>0.09278889162742437</mn>
     </mrow>
     <mo>}</mo>
    </mrow>
    <mo>,</mo>
    <mrow>
     <mo>{</mo>
     <mrow>
      <mn>0.175</mn>
      <mo>,</mo>
      <mn>0.09580639280842043</mn>
     </mrow>
     <mo>}</mo>
    </mrow>
    <mo>,</mo>
    <mrow>
     <mo>{</mo>
     <mrow>
      <mn>0.19999999999999998</mn>
      <mo>,</mo>
      <mn>0.0988278957431382</mn>
     </mrow>
     <mo>}</mo>
    </mrow>
    <mo>,</mo>
    <mrow>
     <mo>{</mo>
     <mrow>
      <mn>0.22499999999999998</mn>
      <mo>,</mo>
      <mn>0.10185341132625542</mn>
     </mrow>
     <mo>}</mo>
    </mrow>
    <mo>,</mo>
    <mrow>
     <mo>{</mo>
     <mrow>
      <mn>0.24999999999999997</mn>
      <mo>,</mo>
      <mn>0.10488293468595286</mn>
     </mrow>
     <mo>}</mo>
    </mrow>
   </mrow>
   <mo>}</mo>
  </mrow>
  <mtext>&ZeroWidthSpace;</mtext>
  <mtext>&NewLine;swarrM1=</mtext>
  <mtext>&ZeroWidthSpace;</mtext>
  <mrow>
   <mo>{</mo>
   <mrow>
    <mrow>
     <mo>{</mo>
     <mrow>
      <mn>0.025</mn>
      <mo>,</mo>
      <mn>0.3587169053694877</mn>
     </mrow>
     <mo>}</mo>
    </mrow>
    <mo>,</mo>
    <mrow>
     <mo>{</mo>
     <mrow>
      <mn>0.05</mn>
      <mo>,</mo>
      <mn>0.3602029348967195</mn>
     </mrow>
     <mo>}</mo>
    </mrow>
    <mo>,</mo>
    <mrow>
     <mo>{</mo>
     <mrow>
      <mn>0.07500000000000001</mn>
      <mo>,</mo>
      <mn>0.36164277473819806</mn>
     </mrow>
     <mo>}</mo>
    </mrow>
    <mo>,</mo>
    <mrow>
     <mo>{</mo>
     <mrow>
      <mn>0.1</mn>
      <mo>,</mo>
      <mn>0.36303495190850743</mn>
     </mrow>
     <mo>}</mo>
    </mrow>
    <mo>,</mo>
    <mrow>
     <mo>{</mo>
     <mrow>
      <mn>0.125</mn>
      <mo>,</mo>
      <mn>0.3643779203787222</mn>
     </mrow>
     <mo>}</mo>
    </mrow>
    <mo>,</mo>
    <mrow>
     <mo>{</mo>
     <mrow>
      <mn>0.15</mn>
      <mo>,</mo>
      <mn>0.3656700327266166</mn>
     </mrow>
     <mo>}</mo>
    </mrow>
    <mo>,</mo>
    <mrow>
     <mo>{</mo>
     <mrow>
      <mn>0.175</mn>
      <mo>,</mo>
      <mn>0.3669095905879203</mn>
     </mrow>
     <mo>}</mo>
    </mrow>
    <mo>,</mo>
    <mrow>
     <mo>{</mo>
     <mrow>
      <mn>0.19999999999999998</mn>
      <mo>,</mo>
      <mn>0.36809477068155483</mn>
     </mrow>
     <mo>}</mo>
    </mrow>
    <mo>,</mo>
    <mrow>
     <mo>{</mo>
     <mrow>
      <mn>0.22499999999999998</mn>
      <mo>,</mo>
      <mn>0.36922365077770525</mn>
     </mrow>
     <mo>}</mo>
    </mrow>
    <mo>,</mo>
    <mrow>
     <mo>{</mo>
     <mrow>
      <mn>0.24999999999999997</mn>
      <mo>,</mo>
      <mn>0.37029417732057024</mn>
     </mrow>
     <mo>}</mo>
    </mrow>
   </mrow>
   <mo>}</mo>
  </mrow>
 </mrow>
</math>
</p>

<p class="Input">
 <math xmlns='http://www.w3.org/1998/Math/MathML'>
 <mrow>
  <mi>profstd</mi>
  <mo>=</mo>
  <mi>profit</mi>
 </mrow>
</math>
</p>

<p class="Output">
 <math xmlns='http://www.w3.org/1998/Math/MathML'>
 <mrow>
  <mo>{</mo>
  <mrow>
   <mrow>
    <mo>{</mo>
    <mrow>
     <mn>0.025</mn>
     <mo>,</mo>
     <mn>0.1643143252142376</mn>
    </mrow>
    <mo>}</mo>
   </mrow>
   <mo>,</mo>
   <mrow>
    <mo>{</mo>
    <mrow>
     <mn>0.05</mn>
     <mo>,</mo>
     <mn>0.1583062313005701</mn>
    </mrow>
    <mo>}</mo>
   </mrow>
   <mo>,</mo>
   <mrow>
    <mo>{</mo>
    <mrow>
     <mn>0.07500000000000001</mn>
     <mo>,</mo>
     <mn>0.15224206227887271</mn>
    </mrow>
    <mo>}</mo>
   </mrow>
   <mo>,</mo>
   <mrow>
    <mo>{</mo>
    <mrow>
     <mn>0.1</mn>
     <mo>,</mo>
     <mn>0.146120326910685</mn>
    </mrow>
    <mo>}</mo>
   </mrow>
   <mo>,</mo>
   <mrow>
    <mo>{</mo>
    <mrow>
     <mn>0.125</mn>
     <mo>,</mo>
     <mn>0.1399394512263692</mn>
    </mrow>
    <mo>}</mo>
   </mrow>
   <mo>,</mo>
   <mrow>
    <mo>{</mo>
    <mrow>
     <mn>0.15</mn>
     <mo>,</mo>
     <mn>0.13369780365805584</mn>
    </mrow>
    <mo>}</mo>
   </mrow>
   <mo>,</mo>
   <mrow>
    <mo>{</mo>
    <mrow>
     <mn>0.175</mn>
     <mo>,</mo>
     <mn>0.1273936085668681</mn>
    </mrow>
    <mo>}</mo>
   </mrow>
   <mo>,</mo>
   <mrow>
    <mo>{</mo>
    <mrow>
     <mn>0.19999999999999998</mn>
     <mo>,</mo>
     <mn>0.12102503132370845</mn>
    </mrow>
    <mo>}</mo>
   </mrow>
   <mo>,</mo>
   <mrow>
    <mo>{</mo>
    <mrow>
     <mn>0.22499999999999998</mn>
     <mo>,</mo>
     <mn>0.1145901224620689</mn>
    </mrow>
    <mo>}</mo>
   </mrow>
   <mo>,</mo>
   <mrow>
    <mo>{</mo>
    <mrow>
     <mn>0.24999999999999997</mn>
     <mo>,</mo>
     <mn>0.1080868406056874</mn>
    </mrow>
    <mo>}</mo>
   </mrow>
  </mrow>
  <mo>}</mo>
 </mrow>
</math>
</p>

<p class="Input">
 <math xmlns='http://www.w3.org/1998/Math/MathML'>
 <mrow>
  <mn>3.</mn>
  <mtext> </mtext>
  <mi>Profit</mi>
  <mo>&InvisibleTimes;</mo>
  <mi>Comparison</mi>
 </mrow>
</math>
</p>

<p class="Input">
 <img src='HTMLFiles/math_const_N2_3.gif' alt='"math_const_N2_3.gif"' width='1663' height='173' style='vertical-align:middle' />
</p>

<p class="Input">
 <math xmlns='http://www.w3.org/1998/Math/MathML'>
 <mrow>
  <mi>ListLinePlot</mi>
  <mo>[</mo>
  <mrow>
   <mrow>
    <mo>{</mo>
    <mrow>
     <mi>profadapxy</mi>
     <mo>,</mo>
     <mi>profconxy</mi>
     <mo>,</mo>
     <mi>profstdxy</mi>
    </mrow>
    <mo>}</mo>
   </mrow>
   <mo>,</mo>
   <mrow>
    <mi>AspectRatio</mi>
    <mo>&rightarrow;</mo>
    <mi>Full</mi>
   </mrow>
   <mo>,</mo>
   <mrow>
    <mi>AxesOrigin</mi>
    <mo>&rightarrow;</mo>
    <mrow>
     <mo>{</mo>
     <mrow>
      <mn>0.025</mn>
      <mo>,</mo>
      <mn>0.3</mn>
     </mrow>
     <mo>}</mo>
    </mrow>
   </mrow>
   <mo>,</mo>
   <mrow>
    <mi>AxesLabel</mi>
    <mo>&rightarrow;</mo>
    <mrow>
     <mo>{</mo>
     <mrow>
      <mi>&#1013;</mi>
      <mo>,</mo>
      <mrow>
       <mi>Maximum</mi>
       <mo>&InvisibleTimes;</mo>
       <mi>Profit</mi>
       <mo>&InvisibleTimes;</mo>
       <mi>&Omega;</mi>
      </mrow>
     </mrow>
     <mo>}</mo>
    </mrow>
   </mrow>
   <mo>,</mo>
   <mrow>
    <mi>Filling</mi>
    <mo>&rightarrow;</mo>
    <mi>Axis</mi>
   </mrow>
   <mo>,</mo>
   <mrow>
    <mi>PlotStyle</mi>
    <mo>-&gt;</mo>
    <mrow>
     <mo>{</mo>
     <mrow>
      <mi>Black</mi>
      <mo>,</mo>
      <mi>Red</mi>
      <mo>,</mo>
      <mi>Blue</mi>
     </mrow>
     <mo>}</mo>
    </mrow>
   </mrow>
   <mo>,</mo>
   <mrow>
    <mtext>(*</mtext>
    <mrow>
     <mrow>
      <mi>FillingStyle</mi>
      <mo>-&gt;</mo>
      <mrow>
       <mi>Directive</mi>
       <mo>[</mo>
       <mrow>
        <mrow>
         <mi>Opacity</mi>
         <mo>[</mo>
         <mn>0.2</mn>
         <mo>]</mo>
        </mrow>
        <mo>,</mo>
        <mi>Gray</mi>
       </mrow>
       <mo>]</mo>
      </mrow>
     </mrow>
     <mo>,</mo>
    </mrow>
    <mtext>*)</mtext>
   </mrow>
   <mo>&InvisibleTimes;</mo>
   <mrow>
    <mi>PlotMarkers</mi>
    <mo>&rightarrow;</mo>
    <mrow>
     <mo>{</mo>
     <mrow>
      <mi>Automatic</mi>
      <mo>,</mo>
      <mi>Medium</mi>
     </mrow>
     <mo>}</mo>
    </mrow>
   </mrow>
   <mo>,</mo>
   <mrow>
    <mi>PlotLegend</mi>
    <mo>&rightarrow;</mo>
    <mrow>
     <mo>{</mo>
     <mrow>
      <mrow>
       <mi>Style</mi>
       <mo>[</mo>
       <mrow>
        <ms>Adaptive Prize</ms>
        <mo>,</mo>
        <mrow>
         <mi>FontSize</mi>
         <mo>&rightarrow;</mo>
         <mn>12</mn>
        </mrow>
       </mrow>
       <mo>]</mo>
      </mrow>
      <mo>,</mo>
      <mrow>
       <mi>Style</mi>
       <mo>[</mo>
       <mrow>
        <ms>Optimal Prize</ms>
        <mo>,</mo>
        <mrow>
         <mi>FontSize</mi>
         <mo>&rightarrow;</mo>
         <mn>12</mn>
        </mrow>
       </mrow>
       <mo>]</mo>
      </mrow>
      <mo>,</mo>
      <mrow>
       <mi>Style</mi>
       <mo>[</mo>
       <mrow>
        <ms>Standard Prize</ms>
        <mo>,</mo>
        <mrow>
         <mi>FontSize</mi>
         <mo>&rightarrow;</mo>
         <mn>12</mn>
        </mrow>
       </mrow>
       <mo>]</mo>
      </mrow>
     </mrow>
     <mo>}</mo>
    </mrow>
   </mrow>
   <mo>,</mo>
   <mrow>
    <mi>LegendPosition</mi>
    <mo>&rightarrow;</mo>
    <mrow>
     <mo>{</mo>
     <mrow>
      <mrow>
       <mo>-</mo>
       <mn>0.1</mn>
      </mrow>
      <mo>,</mo>
      <mrow>
       <mo>-</mo>
       <mn>0.2</mn>
      </mrow>
     </mrow>
     <mo>}</mo>
    </mrow>
   </mrow>
   <mo>,</mo>
   <mrow>
    <mi>LegendShadow</mi>
    <mo>&rightarrow;</mo>
    <mi>None</mi>
   </mrow>
   <mo>,</mo>
   <mrow>
    <mi>LegendSize</mi>
    <mo>&rightarrow;</mo>
    <mrow>
     <mo>{</mo>
     <mrow>
      <mn>0.8</mn>
      <mo>,</mo>
      <mn>0.3</mn>
     </mrow>
     <mo>}</mo>
    </mrow>
   </mrow>
  </mrow>
  <mo>]</mo>
 </mrow>
</math>
</p>

<p class="Output">
 <img src='HTMLFiles/math_const_N2_4.gif' alt='"math_const_N2_4.gif"' width='450' height='451' style='vertical-align:middle' />
</p>

<p class="Input">
 <math xmlns='http://www.w3.org/1998/Math/MathML'>
 <mrow>
  <mn>4.</mn>
  <mtext> </mtext>
  <mi>Agent</mi>
  <mo>&InvisibleTimes;</mo>
  <mi>payoff</mi>
  <mo>&InvisibleTimes;</mo>
  <mi>comparison</mi>
 </mrow>
</math>
</p>

<p class="Input">
 <img src='HTMLFiles/math_const_N2_5.gif' alt='"math_const_N2_5.gif"' width='1735' height='217' style='vertical-align:middle' />
</p>

<p class="Output">
 <img src='HTMLFiles/math_const_N2_6.gif' alt='"math_const_N2_6.gif"' width='450' height='451' style='vertical-align:middle' />
</p>

<p class="Input">
 <math xmlns='http://www.w3.org/1998/Math/MathML'>
 <mrow>
  <mn>5.</mn>
  <mtext> </mtext>
  <mi>Social</mi>
  <mo>&InvisibleTimes;</mo>
  <mi>welfare</mi>
  <mo>&InvisibleTimes;</mo>
  <mi>comparison</mi>
 </mrow>
</math>
</p>

<p class="Input">
 <img src='HTMLFiles/math_const_N2_7.gif' alt='"math_const_N2_7.gif"' width='1644' height='151' style='vertical-align:middle' />
</p>

<p class="Input">
 <img src='HTMLFiles/math_const_N2_8.gif' alt='"math_const_N2_8.gif"' width='1623' height='107' style='vertical-align:middle' />
</p>

<p class="Output">
 <img src='HTMLFiles/math_const_N2_9.gif' alt='"math_const_N2_9.gif"' width='450' height='451' style='vertical-align:middle' />
</p>

<div style='font-family:Helvetica; font-size:11px; width:100%; border:1px none #999999; border-top-style:solid; padding-top:2px; margin-top:20px;'>
 <a href='http://www.wolfram.com/products/mathematica/' style='color:#000; text-decoration:none;'>
  <img src='HTMLFiles/spikeyIcon.jpg' alt='Spikey' width='20' height='21' style='padding-right:2px; border:0px solid white; vertical-align:middle;' />
  <span style="color:#555555">Created with</span> Wolfram <span style="font-style: italic;">Mathematica</span> 7.0
 </a>
</div>
</body>

</html>
