<?xml version="1.0" encoding="UTF-8"?>
<?xml-stylesheet type="text/xsl" href="HTMLFiles/pmathml.xsl"?>
<!DOCTYPE html PUBLIC "-//W3C//DTD XHTML 1.1 plus MathML 2.0//EN"
        "HTMLFiles/xhtml-math11-f.dtd">

<!-- Created by Wolfram Mathematica 7.0 : www.wolfram.com -->

<html xmlns="http://www.w3.org/1999/xhtml">
<head>
 <title>
  math_const_rndp_M=1
 </title>
 <link href="HTMLFiles/Default.css" rel="stylesheet" type="text/css" />
</head>

<body style="font-size: 125%;">

<p class="Input">
 <math xmlns='http://www.w3.org/1998/Math/MathML'>
 <mrow>
  <mi>Profit</mi>
  <mo>,</mo>
  <mtext> </mtext>
  <mrow>
   <mi>Agent</mi>
   <mo>&InvisibleTimes;</mo>
   <mi>Payoff</mi>
  </mrow>
  <mo>,</mo>
  <mtext> </mtext>
  <mrow>
   <mi>Social</mi>
   <mo>&InvisibleTimes;</mo>
   <mi>Welfare</mi>
   <mo>&InvisibleTimes;</mo>
   <mrow>
    <mo>(</mo>
    <mrow>
     <mi>compute</mi>
     <mo>&InvisibleTimes;</mo>
     <mi>in</mi>
     <mo>&InvisibleTimes;</mo>
     <mi>one</mi>
     <mo>&InvisibleTimes;</mo>
     <mi>go</mi>
    </mrow>
    <mo>)</mo>
   </mrow>
  </mrow>
 </mrow>
</math>
</p>

<p class="Input">
 <img src='HTMLFiles/math_const_rndp_M=1_1.gif' alt='"math_const_rndp_M=1_1.gif"' width='925' height='478' style='vertical-align:middle' />
</p>

<p class="Print">
 <math xmlns='http://www.w3.org/1998/Math/MathML'>
 <mrow>
  <mtext>z(n=</mtext>
  <mtext>&ZeroWidthSpace;</mtext>
  <mn>2</mn>
  <mtext>&ZeroWidthSpace;</mtext>
  <mtext>)=</mtext>
  <mtext>&ZeroWidthSpace;</mtext>
  <mfrac>
   <msqrt>
    <mrow>
     <mi>Log</mi>
     <mo>[</mo>
     <mfrac>
      <mn>4</mn>
      <msup>
       <mi>s</mi>
       <mn>2</mn>
      </msup>
     </mfrac>
     <mo>]</mo>
    </mrow>
   </msqrt>
   <msqrt>
    <mn>2</mn>
   </msqrt>
  </mfrac>
 </mrow>
</math>
</p>

<p class="Print">
 <math xmlns='http://www.w3.org/1998/Math/MathML'>
 <mrow>
  <mtext>omg(n=</mtext>
  <mtext>&ZeroWidthSpace;</mtext>
  <mn>2</mn>
  <mtext>&ZeroWidthSpace;</mtext>
  <mtext>)=</mtext>
  <mtext>&ZeroWidthSpace;</mtext>
  <mn>0.0324524865178073</mn>
 </mrow>
</math>
</p>

<p class="Print">
 <math xmlns='http://www.w3.org/1998/Math/MathML'>
 <mrow>
  <mtext>pi(n=</mtext>
  <mtext>&ZeroWidthSpace;</mtext>
  <mn>2</mn>
  <mtext>&ZeroWidthSpace;</mtext>
  <mtext>)=</mtext>
  <mtext>&ZeroWidthSpace;</mtext>
  <mrow>
   <mn>2</mn>
   <mo>-</mo>
   <mi>s</mi>
   <mo>-</mo>
   <mrow>
    <mfrac>
     <mn>1</mn>
     <mn>2</mn>
    </mfrac>
    <mo>&InvisibleTimes;</mo>
    <mi>s</mi>
    <mo>&InvisibleTimes;</mo>
    <mrow>
     <mi>Log</mi>
     <mo>[</mo>
     <mfrac>
      <mn>4</mn>
      <msup>
       <mi>s</mi>
       <mn>2</mn>
      </msup>
     </mfrac>
     <mo>]</mo>
    </mrow>
   </mrow>
  </mrow>
 </mrow>
</math>
</p>

<p class="Print">
 <math xmlns='http://www.w3.org/1998/Math/MathML'>
 <mrow>
  <mtext>avg pi(n=</mtext>
  <mtext>&ZeroWidthSpace;</mtext>
  <mn>2</mn>
  <mtext>&ZeroWidthSpace;</mtext>
  <mtext>)=</mtext>
  <mtext>&ZeroWidthSpace;</mtext>
  <mrow>
   <mfrac>
    <mn>1</mn>
    <mn>4</mn>
   </mfrac>
   <mo>&InvisibleTimes;</mo>
   <mrow>
    <mo>(</mo>
    <mrow>
     <mrow>
      <mo>-</mo>
      <mn>1</mn>
     </mrow>
     <mo>+</mo>
     <mrow>
      <mi>Log</mi>
      <mo>[</mo>
      <mn>4</mn>
      <mo>]</mo>
     </mrow>
    </mrow>
    <mo>)</mo>
   </mrow>
  </mrow>
 </mrow>
</math>
</p>

<p class="Print">
 <math xmlns='http://www.w3.org/1998/Math/MathML'>
 <mrow>
  <mtext>sw(n=</mtext>
  <mtext>&ZeroWidthSpace;</mtext>
  <mn>2</mn>
  <mtext>&ZeroWidthSpace;</mtext>
  <mtext>)=</mtext>
  <mtext>&ZeroWidthSpace;</mtext>
  <mn>0.22559966707775259</mn>
 </mrow>
</math>
</p>

<p class="Print">
 <math xmlns='http://www.w3.org/1998/Math/MathML'>
 <mrow>
  <mtext>------- Done for n=</mtext>
  <mtext>&ZeroWidthSpace;</mtext>
  <mn>2</mn>
  <mtext>&ZeroWidthSpace;</mtext>
  <mtext>-------------</mtext>
 </mrow>
</math>
</p>

<p class="Print">
 <math xmlns='http://www.w3.org/1998/Math/MathML'>
 <mrow>
  <mtext>z(n=</mtext>
  <mtext>&ZeroWidthSpace;</mtext>
  <mn>3</mn>
  <mtext>&ZeroWidthSpace;</mtext>
  <mtext>)=</mtext>
  <mtext>&ZeroWidthSpace;</mtext>
  <mrow>
   <msqrt>
    <mn>2</mn>
   </msqrt>
   <mo>&InvisibleTimes;</mo>
   <msqrt>
    <mrow>
     <mrow>
      <mo>-</mo>
      <mn>2</mn>
     </mrow>
     <mo>+</mo>
     <mi>s</mi>
     <mo>+</mo>
     <mrow>
      <mi>Log</mi>
      <mo>[</mo>
      <mfrac>
       <mn>4</mn>
       <msup>
        <mi>s</mi>
        <mn>2</mn>
       </msup>
      </mfrac>
      <mo>]</mo>
     </mrow>
    </mrow>
   </msqrt>
  </mrow>
 </mrow>
</math>
</p>

<p class="Print">
 <math xmlns='http://www.w3.org/1998/Math/MathML'>
 <mrow>
  <mtext>omg(n=</mtext>
  <mtext>&ZeroWidthSpace;</mtext>
  <mn>3</mn>
  <mtext>&ZeroWidthSpace;</mtext>
  <mtext>)=</mtext>
  <mtext>&ZeroWidthSpace;</mtext>
  <mn>0.2149717859658562</mn>
 </mrow>
</math>
</p>

<p class="Print">
 <math xmlns='http://www.w3.org/1998/Math/MathML'>
 <mrow>
  <mtext>pi(n=</mtext>
  <mtext>&ZeroWidthSpace;</mtext>
  <mn>3</mn>
  <mtext>&ZeroWidthSpace;</mtext>
  <mtext>)=</mtext>
  <mtext>&ZeroWidthSpace;</mtext>
  <mrow>
   <msup>
    <mrow>
     <mo>(</mo>
     <mrow>
      <mn>2</mn>
      <mo>-</mo>
      <mi>s</mi>
     </mrow>
     <mo>)</mo>
    </mrow>
    <mn>2</mn>
   </msup>
   <mo>-</mo>
   <mrow>
    <mn>2</mn>
    <mo>&InvisibleTimes;</mo>
    <mi>s</mi>
    <mo>&InvisibleTimes;</mo>
    <mrow>
     <mo>(</mo>
     <mrow>
      <mrow>
       <mo>-</mo>
       <mn>2</mn>
      </mrow>
      <mo>+</mo>
      <mi>s</mi>
      <mo>+</mo>
      <mrow>
       <mi>Log</mi>
       <mo>[</mo>
       <mfrac>
        <mn>4</mn>
        <msup>
         <mi>s</mi>
         <mn>2</mn>
        </msup>
       </mfrac>
       <mo>]</mo>
      </mrow>
     </mrow>
     <mo>)</mo>
    </mrow>
   </mrow>
  </mrow>
 </mrow>
</math>
</p>

<p class="Print">
 <math xmlns='http://www.w3.org/1998/Math/MathML'>
 <mrow>
  <mtext>avg pi(n=</mtext>
  <mtext>&ZeroWidthSpace;</mtext>
  <mn>3</mn>
  <mtext>&ZeroWidthSpace;</mtext>
  <mtext>)=</mtext>
  <mtext>&ZeroWidthSpace;</mtext>
  <mrow>
   <mrow>
    <mo>-</mo>
    <mfrac>
     <mn>4</mn>
     <mn>3</mn>
    </mfrac>
   </mrow>
   <mo>+</mo>
   <mrow>
    <mi>Log</mi>
    <mo>[</mo>
    <mn>4</mn>
    <mo>]</mo>
   </mrow>
  </mrow>
 </mrow>
</math>
</p>

<p class="Print">
 <math xmlns='http://www.w3.org/1998/Math/MathML'>
 <mrow>
  <mtext>sw(n=</mtext>
  <mtext>&ZeroWidthSpace;</mtext>
  <mn>3</mn>
  <mtext>&ZeroWidthSpace;</mtext>
  <mtext>)=</mtext>
  <mtext>&ZeroWidthSpace;</mtext>
  <mn>0.37385486932552814</mn>
 </mrow>
</math>
</p>

<p class="Print">
 <math xmlns='http://www.w3.org/1998/Math/MathML'>
 <mrow>
  <mtext>------- Done for n=</mtext>
  <mtext>&ZeroWidthSpace;</mtext>
  <mn>3</mn>
  <mtext>&ZeroWidthSpace;</mtext>
  <mtext>-------------</mtext>
 </mrow>
</math>
</p>

<p class="Print">
 <math xmlns='http://www.w3.org/1998/Math/MathML'>
 <mrow>
  <mtext>z(n=</mtext>
  <mtext>&ZeroWidthSpace;</mtext>
  <mn>4</mn>
  <mtext>&ZeroWidthSpace;</mtext>
  <mtext>)=</mtext>
  <mtext>&ZeroWidthSpace;</mtext>
  <mrow>
   <msqrt>
    <mn>6</mn>
   </msqrt>
   <mo>&InvisibleTimes;</mo>
   <msqrt>
    <mrow>
     <mrow>
      <mo>-</mo>
      <mn>3</mn>
     </mrow>
     <mo>-</mo>
     <mrow>
      <mfrac>
       <mn>1</mn>
       <mn>4</mn>
      </mfrac>
      <mo>&InvisibleTimes;</mo>
      <mrow>
       <mo>(</mo>
       <mrow>
        <mrow>
         <mo>-</mo>
         <mn>8</mn>
        </mrow>
        <mo>+</mo>
        <mi>s</mi>
       </mrow>
       <mo>)</mo>
      </mrow>
      <mo>&InvisibleTimes;</mo>
      <mi>s</mi>
     </mrow>
     <mo>+</mo>
     <mrow>
      <mi>Log</mi>
      <mo>[</mo>
      <mfrac>
       <mn>4</mn>
       <msup>
        <mi>s</mi>
        <mn>2</mn>
       </msup>
      </mfrac>
      <mo>]</mo>
     </mrow>
    </mrow>
   </msqrt>
  </mrow>
 </mrow>
</math>
</p>

<p class="Print">
 <math xmlns='http://www.w3.org/1998/Math/MathML'>
 <mrow>
  <mtext>omg(n=</mtext>
  <mtext>&ZeroWidthSpace;</mtext>
  <mn>4</mn>
  <mtext>&ZeroWidthSpace;</mtext>
  <mtext>)=</mtext>
  <mtext>&ZeroWidthSpace;</mtext>
  <mn>0.3348976105816137</mn>
 </mrow>
</math>
</p>

<p class="Print">
 <math xmlns='http://www.w3.org/1998/Math/MathML'>
 <mrow>
  <mtext>pi(n=</mtext>
  <mtext>&ZeroWidthSpace;</mtext>
  <mn>4</mn>
  <mtext>&ZeroWidthSpace;</mtext>
  <mtext>)=</mtext>
  <mtext>&ZeroWidthSpace;</mtext>
  <mrow>
   <msup>
    <mrow>
     <mo>(</mo>
     <mrow>
      <mn>2</mn>
      <mo>-</mo>
      <mi>s</mi>
     </mrow>
     <mo>)</mo>
    </mrow>
    <mn>3</mn>
   </msup>
   <mo>-</mo>
   <mrow>
    <mn>6</mn>
    <mo>&InvisibleTimes;</mo>
    <mi>s</mi>
    <mo>&InvisibleTimes;</mo>
    <mrow>
     <mo>(</mo>
     <mrow>
      <mrow>
       <mo>-</mo>
       <mn>3</mn>
      </mrow>
      <mo>-</mo>
      <mrow>
       <mfrac>
        <mn>1</mn>
        <mn>4</mn>
       </mfrac>
       <mo>&InvisibleTimes;</mo>
       <mrow>
        <mo>(</mo>
        <mrow>
         <mrow>
          <mo>-</mo>
          <mn>8</mn>
         </mrow>
         <mo>+</mo>
         <mi>s</mi>
        </mrow>
        <mo>)</mo>
       </mrow>
       <mo>&InvisibleTimes;</mo>
       <mi>s</mi>
      </mrow>
      <mo>+</mo>
      <mrow>
       <mi>Log</mi>
       <mo>[</mo>
       <mfrac>
        <mn>4</mn>
        <msup>
         <mi>s</mi>
         <mn>2</mn>
        </msup>
       </mfrac>
       <mo>]</mo>
      </mrow>
     </mrow>
     <mo>)</mo>
    </mrow>
   </mrow>
  </mrow>
 </mrow>
</math>
</p>

<p class="Print">
 <math xmlns='http://www.w3.org/1998/Math/MathML'>
 <mrow>
  <mtext>avg pi(n=</mtext>
  <mtext>&ZeroWidthSpace;</mtext>
  <mn>4</mn>
  <mtext>&ZeroWidthSpace;</mtext>
  <mtext>)=</mtext>
  <mtext>&ZeroWidthSpace;</mtext>
  <mrow>
   <mrow>
    <mo>-</mo>
    <mfrac>
     <mn>33</mn>
     <mn>8</mn>
    </mfrac>
   </mrow>
   <mo>+</mo>
   <mrow>
    <mi>Log</mi>
    <mo>[</mo>
    <mn>64</mn>
    <mo>]</mo>
   </mrow>
  </mrow>
 </mrow>
</math>
</p>

<p class="Print">
 <math xmlns='http://www.w3.org/1998/Math/MathML'>
 <mrow>
  <mtext>sw(n=</mtext>
  <mtext>&ZeroWidthSpace;</mtext>
  <mn>4</mn>
  <mtext>&ZeroWidthSpace;</mtext>
  <mtext>)=</mtext>
  <mtext>&ZeroWidthSpace;</mtext>
  <mn>0.4704299440202997</mn>
 </mrow>
</math>
</p>

<p class="Print">
 <math xmlns='http://www.w3.org/1998/Math/MathML'>
 <mrow>
  <mtext>------- Done for n=</mtext>
  <mtext>&ZeroWidthSpace;</mtext>
  <mn>4</mn>
  <mtext>&ZeroWidthSpace;</mtext>
  <mtext>-------------</mtext>
 </mrow>
</math>
</p>

<p class="Print">
 <math xmlns='http://www.w3.org/1998/Math/MathML'>
 <mrow>
  <mtext>z(n=</mtext>
  <mtext>&ZeroWidthSpace;</mtext>
  <mn>5</mn>
  <mtext>&ZeroWidthSpace;</mtext>
  <mtext>)=</mtext>
  <mtext>&ZeroWidthSpace;</mtext>
  <mfrac>
   <mrow>
    <mn>2</mn>
    <mo>&InvisibleTimes;</mo>
    <msqrt>
     <mrow>
      <mrow>
       <mrow>
        <mo>(</mo>
        <mrow>
         <mrow>
          <mo>-</mo>
          <mn>2</mn>
         </mrow>
         <mo>+</mo>
         <mi>s</mi>
        </mrow>
        <mo>)</mo>
       </mrow>
       <mo>&InvisibleTimes;</mo>
       <mrow>
        <mo>(</mo>
        <mrow>
         <mn>22</mn>
         <mo>+</mo>
         <mrow>
          <mrow>
           <mo>(</mo>
           <mrow>
            <mrow>
             <mo>-</mo>
             <mn>7</mn>
            </mrow>
            <mo>+</mo>
            <mi>s</mi>
           </mrow>
           <mo>)</mo>
          </mrow>
          <mo>&InvisibleTimes;</mo>
          <mi>s</mi>
         </mrow>
        </mrow>
        <mo>)</mo>
       </mrow>
      </mrow>
      <mo>+</mo>
      <mrow>
       <mn>12</mn>
       <mo>&InvisibleTimes;</mo>
       <mrow>
        <mi>Log</mi>
        <mo>[</mo>
        <mfrac>
         <mn>4</mn>
         <msup>
          <mi>s</mi>
          <mn>2</mn>
         </msup>
        </mfrac>
        <mo>]</mo>
       </mrow>
      </mrow>
     </mrow>
    </msqrt>
   </mrow>
   <msqrt>
    <mn>3</mn>
   </msqrt>
  </mfrac>
 </mrow>
</math>
</p>

<p class="Print">
 <math xmlns='http://www.w3.org/1998/Math/MathML'>
 <mrow>
  <mtext>omg(n=</mtext>
  <mtext>&ZeroWidthSpace;</mtext>
  <mn>5</mn>
  <mtext>&ZeroWidthSpace;</mtext>
  <mtext>)=</mtext>
  <mtext>&ZeroWidthSpace;</mtext>
  <mn>0.4208374623555664</mn>
 </mrow>
</math>
</p>

<p class="Print">
 <math xmlns='http://www.w3.org/1998/Math/MathML'>
 <mrow>
  <mtext>pi(n=</mtext>
  <mtext>&ZeroWidthSpace;</mtext>
  <mn>5</mn>
  <mtext>&ZeroWidthSpace;</mtext>
  <mtext>)=</mtext>
  <mtext>&ZeroWidthSpace;</mtext>
  <mrow>
   <msup>
    <mrow>
     <mo>(</mo>
     <mrow>
      <mn>2</mn>
      <mo>-</mo>
      <mi>s</mi>
     </mrow>
     <mo>)</mo>
    </mrow>
    <mn>4</mn>
   </msup>
   <mo>-</mo>
   <mrow>
    <mfrac>
     <mn>4</mn>
     <mn>3</mn>
    </mfrac>
    <mo>&InvisibleTimes;</mo>
    <mi>s</mi>
    <mo>&InvisibleTimes;</mo>
    <mrow>
     <mo>(</mo>
     <mrow>
      <mrow>
       <mrow>
        <mo>(</mo>
        <mrow>
         <mrow>
          <mo>-</mo>
          <mn>2</mn>
         </mrow>
         <mo>+</mo>
         <mi>s</mi>
        </mrow>
        <mo>)</mo>
       </mrow>
       <mo>&InvisibleTimes;</mo>
       <mrow>
        <mo>(</mo>
        <mrow>
         <mn>22</mn>
         <mo>+</mo>
         <mrow>
          <mrow>
           <mo>(</mo>
           <mrow>
            <mrow>
             <mo>-</mo>
             <mn>7</mn>
            </mrow>
            <mo>+</mo>
            <mi>s</mi>
           </mrow>
           <mo>)</mo>
          </mrow>
          <mo>&InvisibleTimes;</mo>
          <mi>s</mi>
         </mrow>
        </mrow>
        <mo>)</mo>
       </mrow>
      </mrow>
      <mo>+</mo>
      <mrow>
       <mn>12</mn>
       <mo>&InvisibleTimes;</mo>
       <mrow>
        <mi>Log</mi>
        <mo>[</mo>
        <mfrac>
         <mn>4</mn>
         <msup>
          <mi>s</mi>
          <mn>2</mn>
         </msup>
        </mfrac>
        <mo>]</mo>
       </mrow>
      </mrow>
     </mrow>
     <mo>)</mo>
    </mrow>
   </mrow>
  </mrow>
 </mrow>
</math>
</p>

<p class="Print">
 <math xmlns='http://www.w3.org/1998/Math/MathML'>
 <mrow>
  <mtext>avg pi(n=</mtext>
  <mtext>&ZeroWidthSpace;</mtext>
  <mn>5</mn>
  <mtext>&ZeroWidthSpace;</mtext>
  <mtext>)=</mtext>
  <mtext>&ZeroWidthSpace;</mtext>
  <mrow>
   <mrow>
    <mo>-</mo>
    <mfrac>
     <mn>166</mn>
     <mn>15</mn>
    </mfrac>
   </mrow>
   <mo>+</mo>
   <mrow>
    <mn>8</mn>
    <mo>&InvisibleTimes;</mo>
    <mrow>
     <mi>Log</mi>
     <mo>[</mo>
     <mn>4</mn>
     <mo>]</mo>
    </mrow>
   </mrow>
  </mrow>
 </mrow>
</math>
</p>

<p class="Print">
 <math xmlns='http://www.w3.org/1998/Math/MathML'>
 <mrow>
  <mtext>sw(n=</mtext>
  <mtext>&ZeroWidthSpace;</mtext>
  <mn>5</mn>
  <mtext>&ZeroWidthSpace;</mtext>
  <mtext>)=</mtext>
  <mtext>&ZeroWidthSpace;</mtext>
  <mn>0.5392785738178572</mn>
 </mrow>
</math>
</p>

<p class="Print">
 <math xmlns='http://www.w3.org/1998/Math/MathML'>
 <mrow>
  <mtext>------- Done for n=</mtext>
  <mtext>&ZeroWidthSpace;</mtext>
  <mn>5</mn>
  <mtext>&ZeroWidthSpace;</mtext>
  <mtext>-------------</mtext>
 </mrow>
</math>
</p>

<p class="Print">
 <math xmlns='http://www.w3.org/1998/Math/MathML'>
 <mrow>
  <mtext>z(n=</mtext>
  <mtext>&ZeroWidthSpace;</mtext>
  <mn>6</mn>
  <mtext>&ZeroWidthSpace;</mtext>
  <mtext>)=</mtext>
  <mtext>&ZeroWidthSpace;</mtext>
  <mrow>
   <mfrac>
    <mn>1</mn>
    <mn>2</mn>
   </mfrac>
   <mo>&InvisibleTimes;</mo>
   <msqrt>
    <mfrac>
     <mn>5</mn>
     <mn>3</mn>
    </mfrac>
   </msqrt>
   <mo>&InvisibleTimes;</mo>
   <msqrt>
    <mrow>
     <mrow>
      <mrow>
       <mo>-</mo>
       <mrow>
        <mo>(</mo>
        <mrow>
         <mrow>
          <mo>-</mo>
          <mn>2</mn>
         </mrow>
         <mo>+</mo>
         <mi>s</mi>
        </mrow>
        <mo>)</mo>
       </mrow>
      </mrow>
      <mo>&InvisibleTimes;</mo>
      <mrow>
       <mo>(</mo>
       <mrow>
        <mrow>
         <mo>-</mo>
         <mn>200</mn>
        </mrow>
        <mo>+</mo>
        <mrow>
         <mi>s</mi>
         <mo>&InvisibleTimes;</mo>
         <mrow>
          <mo>(</mo>
          <mrow>
           <mn>92</mn>
           <mo>+</mo>
           <mrow>
            <mi>s</mi>
            <mo>&InvisibleTimes;</mo>
            <mrow>
             <mo>(</mo>
             <mrow>
              <mrow>
               <mo>-</mo>
               <mn>26</mn>
              </mrow>
              <mo>+</mo>
              <mrow>
               <mn>3</mn>
               <mo>&InvisibleTimes;</mo>
               <mi>s</mi>
              </mrow>
             </mrow>
             <mo>)</mo>
            </mrow>
           </mrow>
          </mrow>
          <mo>)</mo>
         </mrow>
        </mrow>
       </mrow>
       <mo>)</mo>
      </mrow>
     </mrow>
     <mo>+</mo>
     <mrow>
      <mn>96</mn>
      <mo>&InvisibleTimes;</mo>
      <mrow>
       <mi>Log</mi>
       <mo>[</mo>
       <mfrac>
        <mn>4</mn>
        <msup>
         <mi>s</mi>
         <mn>2</mn>
        </msup>
       </mfrac>
       <mo>]</mo>
      </mrow>
     </mrow>
    </mrow>
   </msqrt>
  </mrow>
 </mrow>
</math>
</p>

<p class="Print">
 <math xmlns='http://www.w3.org/1998/Math/MathML'>
 <mrow>
  <mtext>omg(n=</mtext>
  <mtext>&ZeroWidthSpace;</mtext>
  <mn>6</mn>
  <mtext>&ZeroWidthSpace;</mtext>
  <mtext>)=</mtext>
  <mtext>&ZeroWidthSpace;</mtext>
  <mn>0.4859358649724861</mn>
 </mrow>
</math>
</p>

<p class="Print">
 <math xmlns='http://www.w3.org/1998/Math/MathML'>
 <mrow>
  <mtext>pi(n=</mtext>
  <mtext>&ZeroWidthSpace;</mtext>
  <mn>6</mn>
  <mtext>&ZeroWidthSpace;</mtext>
  <mtext>)=</mtext>
  <mtext>&ZeroWidthSpace;</mtext>
  <mrow>
   <msup>
    <mrow>
     <mo>(</mo>
     <mrow>
      <mn>2</mn>
      <mo>-</mo>
      <mi>s</mi>
     </mrow>
     <mo>)</mo>
    </mrow>
    <mn>5</mn>
   </msup>
   <mo>+</mo>
   <mrow>
    <mfrac>
     <mn>5</mn>
     <mn>12</mn>
    </mfrac>
    <mo>&InvisibleTimes;</mo>
    <mi>s</mi>
    <mo>&InvisibleTimes;</mo>
    <mrow>
     <mo>(</mo>
     <mrow>
      <mrow>
       <mrow>
        <mo>(</mo>
        <mrow>
         <mrow>
          <mo>-</mo>
          <mn>2</mn>
         </mrow>
         <mo>+</mo>
         <mi>s</mi>
        </mrow>
        <mo>)</mo>
       </mrow>
       <mo>&InvisibleTimes;</mo>
       <mrow>
        <mo>(</mo>
        <mrow>
         <mrow>
          <mo>-</mo>
          <mn>200</mn>
         </mrow>
         <mo>+</mo>
         <mrow>
          <mi>s</mi>
          <mo>&InvisibleTimes;</mo>
          <mrow>
           <mo>(</mo>
           <mrow>
            <mn>92</mn>
            <mo>+</mo>
            <mrow>
             <mi>s</mi>
             <mo>&InvisibleTimes;</mo>
             <mrow>
              <mo>(</mo>
              <mrow>
               <mrow>
                <mo>-</mo>
                <mn>26</mn>
               </mrow>
               <mo>+</mo>
               <mrow>
                <mn>3</mn>
                <mo>&InvisibleTimes;</mo>
                <mi>s</mi>
               </mrow>
              </mrow>
              <mo>)</mo>
             </mrow>
            </mrow>
           </mrow>
           <mo>)</mo>
          </mrow>
         </mrow>
        </mrow>
        <mo>)</mo>
       </mrow>
      </mrow>
      <mo>-</mo>
      <mrow>
       <mn>96</mn>
       <mo>&InvisibleTimes;</mo>
       <mrow>
        <mi>Log</mi>
        <mo>[</mo>
        <mfrac>
         <mn>4</mn>
         <msup>
          <mi>s</mi>
          <mn>2</mn>
         </msup>
        </mfrac>
        <mo>]</mo>
       </mrow>
      </mrow>
     </mrow>
     <mo>)</mo>
    </mrow>
   </mrow>
  </mrow>
 </mrow>
</math>
</p>

<p class="Print">
 <math xmlns='http://www.w3.org/1998/Math/MathML'>
 <mrow>
  <mtext>avg pi(n=</mtext>
  <mtext>&ZeroWidthSpace;</mtext>
  <mn>6</mn>
  <mtext>&ZeroWidthSpace;</mtext>
  <mtext>)=</mtext>
  <mtext>&ZeroWidthSpace;</mtext>
  <mrow>
   <mrow>
    <mo>-</mo>
    <mfrac>
     <mn>665</mn>
     <mn>24</mn>
    </mfrac>
   </mrow>
   <mo>+</mo>
   <mrow>
    <mn>40</mn>
    <mo>&InvisibleTimes;</mo>
    <mrow>
     <mi>Log</mi>
     <mo>[</mo>
     <mn>2</mn>
     <mo>]</mo>
    </mrow>
   </mrow>
  </mrow>
 </mrow>
</math>
</p>

<p class="Print">
 <math xmlns='http://www.w3.org/1998/Math/MathML'>
 <mrow>
  <mtext>sw(n=</mtext>
  <mtext>&ZeroWidthSpace;</mtext>
  <mn>6</mn>
  <mtext>&ZeroWidthSpace;</mtext>
  <mtext>)=</mtext>
  <mtext>&ZeroWidthSpace;</mtext>
  <mn>0.5912591993593672</mn>
 </mrow>
</math>
</p>

<p class="Print">
 <math xmlns='http://www.w3.org/1998/Math/MathML'>
 <mrow>
  <mtext>------- Done for n=</mtext>
  <mtext>&ZeroWidthSpace;</mtext>
  <mn>6</mn>
  <mtext>&ZeroWidthSpace;</mtext>
  <mtext>-------------</mtext>
 </mrow>
</math>
</p>

<p class="Print">
 <math xmlns='http://www.w3.org/1998/Math/MathML'>
 <mrow>
  <mtext>z(n=</mtext>
  <mtext>&ZeroWidthSpace;</mtext>
  <mn>7</mn>
  <mtext>&ZeroWidthSpace;</mtext>
  <mtext>)=</mtext>
  <mtext>&ZeroWidthSpace;</mtext>
  <msqrt>
   <mrow>
    <mrow>
     <mfrac>
      <mn>1</mn>
      <mn>5</mn>
     </mfrac>
     <mo>&InvisibleTimes;</mo>
     <mrow>
      <mo>(</mo>
      <mrow>
       <mrow>
        <mo>-</mo>
        <mn>2</mn>
       </mrow>
       <mo>+</mo>
       <mi>s</mi>
      </mrow>
      <mo>)</mo>
     </mrow>
     <mo>&InvisibleTimes;</mo>
     <mrow>
      <mo>(</mo>
      <mrow>
       <mn>1096</mn>
       <mo>+</mo>
       <mrow>
        <mi>s</mi>
        <mo>&InvisibleTimes;</mo>
        <mrow>
         <mo>(</mo>
         <mrow>
          <mrow>
           <mo>-</mo>
           <mn>652</mn>
          </mrow>
          <mo>+</mo>
          <mrow>
           <mi>s</mi>
           <mo>&InvisibleTimes;</mo>
           <mrow>
            <mo>(</mo>
            <mrow>
             <mn>274</mn>
             <mo>-</mo>
             <mrow>
              <mn>63</mn>
              <mo>&InvisibleTimes;</mo>
              <mi>s</mi>
             </mrow>
             <mo>+</mo>
             <mrow>
              <mn>6</mn>
              <mo>&InvisibleTimes;</mo>
              <msup>
               <mi>s</mi>
               <mn>2</mn>
              </msup>
             </mrow>
            </mrow>
            <mo>)</mo>
           </mrow>
          </mrow>
         </mrow>
         <mo>)</mo>
        </mrow>
       </mrow>
      </mrow>
      <mo>)</mo>
     </mrow>
    </mrow>
    <mo>+</mo>
    <mrow>
     <mn>96</mn>
     <mo>&InvisibleTimes;</mo>
     <mrow>
      <mi>Log</mi>
      <mo>[</mo>
      <mfrac>
       <mn>4</mn>
       <msup>
        <mi>s</mi>
        <mn>2</mn>
       </msup>
      </mfrac>
      <mo>]</mo>
     </mrow>
    </mrow>
   </mrow>
  </msqrt>
 </mrow>
</math>
</p>

<p class="Print">
 <math xmlns='http://www.w3.org/1998/Math/MathML'>
 <mrow>
  <mtext>omg(n=</mtext>
  <mtext>&ZeroWidthSpace;</mtext>
  <mn>7</mn>
  <mtext>&ZeroWidthSpace;</mtext>
  <mtext>)=</mtext>
  <mtext>&ZeroWidthSpace;</mtext>
  <mn>0.537196763270124</mn>
 </mrow>
</math>
</p>

<p class="Print">
 <math xmlns='http://www.w3.org/1998/Math/MathML'>
 <mrow>
  <mtext>pi(n=</mtext>
  <mtext>&ZeroWidthSpace;</mtext>
  <mn>7</mn>
  <mtext>&ZeroWidthSpace;</mtext>
  <mtext>)=</mtext>
  <mtext>&ZeroWidthSpace;</mtext>
  <mrow>
   <msup>
    <mrow>
     <mo>(</mo>
     <mrow>
      <mn>2</mn>
      <mo>-</mo>
      <mi>s</mi>
     </mrow>
     <mo>)</mo>
    </mrow>
    <mn>6</mn>
   </msup>
   <mo>-</mo>
   <mrow>
    <mi>s</mi>
    <mo>&InvisibleTimes;</mo>
    <mrow>
     <mo>(</mo>
     <mrow>
      <mrow>
       <mfrac>
        <mn>1</mn>
        <mn>5</mn>
       </mfrac>
       <mo>&InvisibleTimes;</mo>
       <mrow>
        <mo>(</mo>
        <mrow>
         <mrow>
          <mo>-</mo>
          <mn>2</mn>
         </mrow>
         <mo>+</mo>
         <mi>s</mi>
        </mrow>
        <mo>)</mo>
       </mrow>
       <mo>&InvisibleTimes;</mo>
       <mrow>
        <mo>(</mo>
        <mrow>
         <mn>1096</mn>
         <mo>+</mo>
         <mrow>
          <mi>s</mi>
          <mo>&InvisibleTimes;</mo>
          <mrow>
           <mo>(</mo>
           <mrow>
            <mrow>
             <mo>-</mo>
             <mn>652</mn>
            </mrow>
            <mo>+</mo>
            <mrow>
             <mi>s</mi>
             <mo>&InvisibleTimes;</mo>
             <mrow>
              <mo>(</mo>
              <mrow>
               <mn>274</mn>
               <mo>-</mo>
               <mrow>
                <mn>63</mn>
                <mo>&InvisibleTimes;</mo>
                <mi>s</mi>
               </mrow>
               <mo>+</mo>
               <mrow>
                <mn>6</mn>
                <mo>&InvisibleTimes;</mo>
                <msup>
                 <mi>s</mi>
                 <mn>2</mn>
                </msup>
               </mrow>
              </mrow>
              <mo>)</mo>
             </mrow>
            </mrow>
           </mrow>
           <mo>)</mo>
          </mrow>
         </mrow>
        </mrow>
        <mo>)</mo>
       </mrow>
      </mrow>
      <mo>+</mo>
      <mrow>
       <mn>96</mn>
       <mo>&InvisibleTimes;</mo>
       <mrow>
        <mi>Log</mi>
        <mo>[</mo>
        <mfrac>
         <mn>4</mn>
         <msup>
          <mi>s</mi>
          <mn>2</mn>
         </msup>
        </mfrac>
        <mo>]</mo>
       </mrow>
      </mrow>
     </mrow>
     <mo>)</mo>
    </mrow>
   </mrow>
  </mrow>
 </mrow>
</math>
</p>

<p class="Print">
 <math xmlns='http://www.w3.org/1998/Math/MathML'>
 <mrow>
  <mtext>avg pi(n=</mtext>
  <mtext>&ZeroWidthSpace;</mtext>
  <mn>7</mn>
  <mtext>&ZeroWidthSpace;</mtext>
  <mtext>)=</mtext>
  <mtext>&ZeroWidthSpace;</mtext>
  <mrow>
   <mrow>
    <mo>-</mo>
    <mfrac>
     <mn>4657</mn>
     <mn>70</mn>
    </mfrac>
   </mrow>
   <mo>+</mo>
   <mrow>
    <mn>48</mn>
    <mo>&InvisibleTimes;</mo>
    <mrow>
     <mi>Log</mi>
     <mo>[</mo>
     <mn>4</mn>
     <mo>]</mo>
    </mrow>
   </mrow>
  </mrow>
 </mrow>
</math>
</p>

<p class="Print">
 <math xmlns='http://www.w3.org/1998/Math/MathML'>
 <mrow>
  <mtext>sw(n=</mtext>
  <mtext>&ZeroWidthSpace;</mtext>
  <mn>7</mn>
  <mtext>&ZeroWidthSpace;</mtext>
  <mtext>)=</mtext>
  <mtext>&ZeroWidthSpace;</mtext>
  <mn>0.632102099553357</mn>
 </mrow>
</math>
</p>

<p class="Print">
 <math xmlns='http://www.w3.org/1998/Math/MathML'>
 <mrow>
  <mtext>------- Done for n=</mtext>
  <mtext>&ZeroWidthSpace;</mtext>
  <mn>7</mn>
  <mtext>&ZeroWidthSpace;</mtext>
  <mtext>-------------</mtext>
 </mrow>
</math>
</p>

<p class="Print">
 <math xmlns='http://www.w3.org/1998/Math/MathML'>
 <mrow>
  <mtext>z(n=</mtext>
  <mtext>&ZeroWidthSpace;</mtext>
  <mn>8</mn>
  <mtext>&ZeroWidthSpace;</mtext>
  <mtext>)=</mtext>
  <mtext>&ZeroWidthSpace;</mtext>
  <mrow>
   <msqrt>
    <mfrac>
     <mn>7</mn>
     <mn>30</mn>
    </mfrac>
   </msqrt>
   <mo>&InvisibleTimes;</mo>
   <msqrt>
    <mrow>
     <mrow>
      <mrow>
       <mo>-</mo>
       <mrow>
        <mo>(</mo>
        <mrow>
         <mrow>
          <mo>-</mo>
          <mn>2</mn>
         </mrow>
         <mo>+</mo>
         <mi>s</mi>
        </mrow>
        <mo>)</mo>
       </mrow>
      </mrow>
      <mo>&InvisibleTimes;</mo>
      <mrow>
       <mo>(</mo>
       <mrow>
        <mrow>
         <mo>-</mo>
         <mn>2352</mn>
        </mrow>
        <mo>+</mo>
        <mrow>
         <mi>s</mi>
         <mo>&InvisibleTimes;</mo>
         <mrow>
          <mo>(</mo>
          <mrow>
           <mn>1704</mn>
           <mo>+</mo>
           <mrow>
            <mi>s</mi>
            <mo>&InvisibleTimes;</mo>
            <mrow>
             <mo>(</mo>
             <mrow>
              <mrow>
               <mo>-</mo>
               <mn>948</mn>
              </mrow>
              <mo>+</mo>
              <mrow>
               <mi>s</mi>
               <mo>&InvisibleTimes;</mo>
               <mrow>
                <mo>(</mo>
                <mrow>
                 <mn>326</mn>
                 <mo>+</mo>
                 <mrow>
                  <mi>s</mi>
                  <mo>&InvisibleTimes;</mo>
                  <mrow>
                   <mo>(</mo>
                   <mrow>
                    <mrow>
                     <mo>-</mo>
                     <mn>62</mn>
                    </mrow>
                    <mo>+</mo>
                    <mrow>
                     <mn>5</mn>
                     <mo>&InvisibleTimes;</mo>
                     <mi>s</mi>
                    </mrow>
                   </mrow>
                   <mo>)</mo>
                  </mrow>
                 </mrow>
                </mrow>
                <mo>)</mo>
               </mrow>
              </mrow>
             </mrow>
             <mo>)</mo>
            </mrow>
           </mrow>
          </mrow>
          <mo>)</mo>
         </mrow>
        </mrow>
       </mrow>
       <mo>)</mo>
      </mrow>
     </mrow>
     <mo>+</mo>
     <mrow>
      <mn>960</mn>
      <mo>&InvisibleTimes;</mo>
      <mrow>
       <mi>Log</mi>
       <mo>[</mo>
       <mfrac>
        <mn>4</mn>
        <msup>
         <mi>s</mi>
         <mn>2</mn>
        </msup>
       </mfrac>
       <mo>]</mo>
      </mrow>
     </mrow>
    </mrow>
   </msqrt>
  </mrow>
 </mrow>
</math>
</p>

<p class="Print">
 <math xmlns='http://www.w3.org/1998/Math/MathML'>
 <mrow>
  <mtext>omg(n=</mtext>
  <mtext>&ZeroWidthSpace;</mtext>
  <mn>8</mn>
  <mtext>&ZeroWidthSpace;</mtext>
  <mtext>)=</mtext>
  <mtext>&ZeroWidthSpace;</mtext>
  <mn>0.5787391806303985</mn>
 </mrow>
</math>
</p>

<p class="Print">
 <math xmlns='http://www.w3.org/1998/Math/MathML'>
 <mrow>
  <mtext>pi(n=</mtext>
  <mtext>&ZeroWidthSpace;</mtext>
  <mn>8</mn>
  <mtext>&ZeroWidthSpace;</mtext>
  <mtext>)=</mtext>
  <mtext>&ZeroWidthSpace;</mtext>
  <mrow>
   <msup>
    <mrow>
     <mo>(</mo>
     <mrow>
      <mn>2</mn>
      <mo>-</mo>
      <mi>s</mi>
     </mrow>
     <mo>)</mo>
    </mrow>
    <mn>7</mn>
   </msup>
   <mo>+</mo>
   <mrow>
    <mfrac>
     <mn>7</mn>
     <mn>30</mn>
    </mfrac>
    <mo>&InvisibleTimes;</mo>
    <mi>s</mi>
    <mo>&InvisibleTimes;</mo>
    <mrow>
     <mo>(</mo>
     <mrow>
      <mrow>
       <mrow>
        <mo>(</mo>
        <mrow>
         <mrow>
          <mo>-</mo>
          <mn>2</mn>
         </mrow>
         <mo>+</mo>
         <mi>s</mi>
        </mrow>
        <mo>)</mo>
       </mrow>
       <mo>&InvisibleTimes;</mo>
       <mrow>
        <mo>(</mo>
        <mrow>
         <mrow>
          <mo>-</mo>
          <mn>2352</mn>
         </mrow>
         <mo>+</mo>
         <mrow>
          <mi>s</mi>
          <mo>&InvisibleTimes;</mo>
          <mrow>
           <mo>(</mo>
           <mrow>
            <mn>1704</mn>
            <mo>+</mo>
            <mrow>
             <mi>s</mi>
             <mo>&InvisibleTimes;</mo>
             <mrow>
              <mo>(</mo>
              <mrow>
               <mrow>
                <mo>-</mo>
                <mn>948</mn>
               </mrow>
               <mo>+</mo>
               <mrow>
                <mi>s</mi>
                <mo>&InvisibleTimes;</mo>
                <mrow>
                 <mo>(</mo>
                 <mrow>
                  <mn>326</mn>
                  <mo>+</mo>
                  <mrow>
                   <mi>s</mi>
                   <mo>&InvisibleTimes;</mo>
                   <mrow>
                    <mo>(</mo>
                    <mrow>
                     <mrow>
                      <mo>-</mo>
                      <mn>62</mn>
                     </mrow>
                     <mo>+</mo>
                     <mrow>
                      <mn>5</mn>
                      <mo>&InvisibleTimes;</mo>
                      <mi>s</mi>
                     </mrow>
                    </mrow>
                    <mo>)</mo>
                   </mrow>
                  </mrow>
                 </mrow>
                 <mo>)</mo>
                </mrow>
               </mrow>
              </mrow>
              <mo>)</mo>
             </mrow>
            </mrow>
           </mrow>
           <mo>)</mo>
          </mrow>
         </mrow>
        </mrow>
        <mo>)</mo>
       </mrow>
      </mrow>
      <mo>-</mo>
      <mrow>
       <mn>960</mn>
       <mo>&InvisibleTimes;</mo>
       <mrow>
        <mi>Log</mi>
        <mo>[</mo>
        <mfrac>
         <mn>4</mn>
         <msup>
          <mi>s</mi>
          <mn>2</mn>
         </msup>
        </mfrac>
        <mo>]</mo>
       </mrow>
      </mrow>
     </mrow>
     <mo>)</mo>
    </mrow>
   </mrow>
  </mrow>
 </mrow>
</math>
</p>

<p class="Print">
 <math xmlns='http://www.w3.org/1998/Math/MathML'>
 <mrow>
  <mtext>avg pi(n=</mtext>
  <mtext>&ZeroWidthSpace;</mtext>
  <mn>8</mn>
  <mtext>&ZeroWidthSpace;</mtext>
  <mtext>)=</mtext>
  <mtext>&ZeroWidthSpace;</mtext>
  <mrow>
   <mrow>
    <mo>-</mo>
    <mfrac>
     <mn>37261</mn>
     <mn>240</mn>
    </mfrac>
   </mrow>
   <mo>+</mo>
   <mrow>
    <mn>112</mn>
    <mo>&InvisibleTimes;</mo>
    <mrow>
     <mi>Log</mi>
     <mo>[</mo>
     <mn>4</mn>
     <mo>]</mo>
    </mrow>
   </mrow>
  </mrow>
 </mrow>
</math>
</p>

<p class="Print">
 <math xmlns='http://www.w3.org/1998/Math/MathML'>
 <mrow>
  <mtext>sw(n=</mtext>
  <mtext>&ZeroWidthSpace;</mtext>
  <mn>8</mn>
  <mtext>&ZeroWidthSpace;</mtext>
  <mtext>)=</mtext>
  <mtext>&ZeroWidthSpace;</mtext>
  <mn>0.66515341071902</mn>
 </mrow>
</math>
</p>

<p class="Print">
 <math xmlns='http://www.w3.org/1998/Math/MathML'>
 <mrow>
  <mtext>------- Done for n=</mtext>
  <mtext>&ZeroWidthSpace;</mtext>
  <mn>8</mn>
  <mtext>&ZeroWidthSpace;</mtext>
  <mtext>-------------</mtext>
 </mrow>
</math>
</p>

<p class="Print">
 <math xmlns='http://www.w3.org/1998/Math/MathML'>
 <mrow>
  <mtext>z(n=</mtext>
  <mtext>&ZeroWidthSpace;</mtext>
  <mn>9</mn>
  <mtext>&ZeroWidthSpace;</mtext>
  <mtext>)=</mtext>
  <mtext>&ZeroWidthSpace;</mtext>
  <mrow>
   <mn>2</mn>
   <mo>&InvisibleTimes;</mo>
   <msqrt>
    <mfrac>
     <mn>2</mn>
     <mn>105</mn>
    </mfrac>
   </msqrt>
   <mo>&InvisibleTimes;</mo>
   <mrow>
    <mo>&Sqrt;</mo>
    <mrow>
     <mo>(</mo>
     <mrow>
      <mrow>
       <mrow>
        <mo>(</mo>
        <mrow>
         <mrow>
          <mo>-</mo>
          <mn>2</mn>
         </mrow>
         <mo>+</mo>
         <mi>s</mi>
        </mrow>
        <mo>)</mo>
       </mrow>
       <mo>&InvisibleTimes;</mo>
       <mrow>
        <mo>(</mo>
        <mrow>
         <mn>17424</mn>
         <mo>+</mo>
         <mrow>
          <mi>s</mi>
          <mo>&InvisibleTimes;</mo>
          <mrow>
           <mo>(</mo>
           <mrow>
            <mrow>
             <mo>-</mo>
             <mn>14808</mn>
            </mrow>
            <mo>+</mo>
            <mrow>
             <mi>s</mi>
             <mo>&InvisibleTimes;</mo>
             <mrow>
              <mo>(</mo>
              <mrow>
               <mn>10236</mn>
               <mo>+</mo>
               <mrow>
                <mi>s</mi>
                <mo>&InvisibleTimes;</mo>
                <mrow>
                 <mo>(</mo>
                 <mrow>
                  <mrow>
                   <mo>-</mo>
                   <mn>4682</mn>
                  </mrow>
                  <mo>+</mo>
                  <mrow>
                   <mi>s</mi>
                   <mo>&InvisibleTimes;</mo>
                   <mrow>
                    <mo>(</mo>
                    <mrow>
                     <mn>1334</mn>
                     <mo>+</mo>
                     <mrow>
                      <mn>5</mn>
                      <mo>&InvisibleTimes;</mo>
                      <mi>s</mi>
                      <mo>&InvisibleTimes;</mo>
                      <mrow>
                       <mo>(</mo>
                       <mrow>
                        <mrow>
                         <mo>-</mo>
                         <mn>43</mn>
                        </mrow>
                        <mo>+</mo>
                        <mrow>
                         <mn>3</mn>
                         <mo>&InvisibleTimes;</mo>
                         <mi>s</mi>
                        </mrow>
                       </mrow>
                       <mo>)</mo>
                      </mrow>
                     </mrow>
                    </mrow>
                    <mo>)</mo>
                   </mrow>
                  </mrow>
                 </mrow>
                 <mo>)</mo>
                </mrow>
               </mrow>
              </mrow>
              <mo>)</mo>
             </mrow>
            </mrow>
           </mrow>
           <mo>)</mo>
          </mrow>
         </mrow>
        </mrow>
        <mo>)</mo>
       </mrow>
      </mrow>
      <mo>+</mo>
      <mrow>
       <mn>6720</mn>
       <mo>&InvisibleTimes;</mo>
       <mrow>
        <mi>Log</mi>
        <mo>[</mo>
        <mfrac>
         <mn>4</mn>
         <msup>
          <mi>s</mi>
          <mn>2</mn>
         </msup>
        </mfrac>
        <mo>]</mo>
       </mrow>
      </mrow>
     </mrow>
     <mo>)</mo>
    </mrow>
   </mrow>
  </mrow>
 </mrow>
</math>
</p>

<p class="Print">
 <math xmlns='http://www.w3.org/1998/Math/MathML'>
 <mrow>
  <mtext>omg(n=</mtext>
  <mtext>&ZeroWidthSpace;</mtext>
  <mn>9</mn>
  <mtext>&ZeroWidthSpace;</mtext>
  <mtext>)=</mtext>
  <mtext>&ZeroWidthSpace;</mtext>
  <mn>0.6131631724393374</mn>
 </mrow>
</math>
</p>

<p class="Print">
 <math xmlns='http://www.w3.org/1998/Math/MathML'>
 <mrow>
  <mtext>pi(n=</mtext>
  <mtext>&ZeroWidthSpace;</mtext>
  <mn>9</mn>
  <mtext>&ZeroWidthSpace;</mtext>
  <mtext>)=</mtext>
  <mtext>&ZeroWidthSpace;</mtext>
  <mrow>
   <msup>
    <mrow>
     <mo>(</mo>
     <mrow>
      <mn>2</mn>
      <mo>-</mo>
      <mi>s</mi>
     </mrow>
     <mo>)</mo>
    </mrow>
    <mn>8</mn>
   </msup>
   <mo>-</mo>
   <mrow>
    <mfrac>
     <mn>8</mn>
     <mn>105</mn>
    </mfrac>
    <mo>&InvisibleTimes;</mo>
    <mi>s</mi>
    <mo>&InvisibleTimes;</mo>
    <mrow>
     <mo>(</mo>
     <mrow>
      <mrow>
       <mrow>
        <mo>(</mo>
        <mrow>
         <mrow>
          <mo>-</mo>
          <mn>2</mn>
         </mrow>
         <mo>+</mo>
         <mi>s</mi>
        </mrow>
        <mo>)</mo>
       </mrow>
       <mo>&InvisibleTimes;</mo>
       <mrow>
        <mo>(</mo>
        <mrow>
         <mn>17424</mn>
         <mo>+</mo>
         <mrow>
          <mi>s</mi>
          <mo>&InvisibleTimes;</mo>
          <mrow>
           <mo>(</mo>
           <mrow>
            <mrow>
             <mo>-</mo>
             <mn>14808</mn>
            </mrow>
            <mo>+</mo>
            <mrow>
             <mi>s</mi>
             <mo>&InvisibleTimes;</mo>
             <mrow>
              <mo>(</mo>
              <mrow>
               <mn>10236</mn>
               <mo>+</mo>
               <mrow>
                <mi>s</mi>
                <mo>&InvisibleTimes;</mo>
                <mrow>
                 <mo>(</mo>
                 <mrow>
                  <mrow>
                   <mo>-</mo>
                   <mn>4682</mn>
                  </mrow>
                  <mo>+</mo>
                  <mrow>
                   <mi>s</mi>
                   <mo>&InvisibleTimes;</mo>
                   <mrow>
                    <mo>(</mo>
                    <mrow>
                     <mn>1334</mn>
                     <mo>+</mo>
                     <mrow>
                      <mn>5</mn>
                      <mo>&InvisibleTimes;</mo>
                      <mi>s</mi>
                      <mo>&InvisibleTimes;</mo>
                      <mrow>
                       <mo>(</mo>
                       <mrow>
                        <mrow>
                         <mo>-</mo>
                         <mn>43</mn>
                        </mrow>
                        <mo>+</mo>
                        <mrow>
                         <mn>3</mn>
                         <mo>&InvisibleTimes;</mo>
                         <mi>s</mi>
                        </mrow>
                       </mrow>
                       <mo>)</mo>
                      </mrow>
                     </mrow>
                    </mrow>
                    <mo>)</mo>
                   </mrow>
                  </mrow>
                 </mrow>
                 <mo>)</mo>
                </mrow>
               </mrow>
              </mrow>
              <mo>)</mo>
             </mrow>
            </mrow>
           </mrow>
           <mo>)</mo>
          </mrow>
         </mrow>
        </mrow>
        <mo>)</mo>
       </mrow>
      </mrow>
      <mo>+</mo>
      <mrow>
       <mn>6720</mn>
       <mo>&InvisibleTimes;</mo>
       <mrow>
        <mi>Log</mi>
        <mo>[</mo>
        <mfrac>
         <mn>4</mn>
         <msup>
          <mi>s</mi>
          <mn>2</mn>
         </msup>
        </mfrac>
        <mo>]</mo>
       </mrow>
      </mrow>
     </mrow>
     <mo>)</mo>
    </mrow>
   </mrow>
  </mrow>
 </mrow>
</math>
</p>

<p class="Print">
 <math xmlns='http://www.w3.org/1998/Math/MathML'>
 <mrow>
  <mtext>avg pi(n=</mtext>
  <mtext>&ZeroWidthSpace;</mtext>
  <mn>9</mn>
  <mtext>&ZeroWidthSpace;</mtext>
  <mtext>)=</mtext>
  <mtext>&ZeroWidthSpace;</mtext>
  <mrow>
   <mrow>
    <mo>-</mo>
    <mfrac>
     <mn>111788</mn>
     <mn>315</mn>
    </mfrac>
   </mrow>
   <mo>+</mo>
   <mrow>
    <mn>256</mn>
    <mo>&InvisibleTimes;</mo>
    <mrow>
     <mi>Log</mi>
     <mo>[</mo>
     <mn>4</mn>
     <mo>]</mo>
    </mrow>
   </mrow>
  </mrow>
 </mrow>
</math>
</p>

<p class="Print">
 <math xmlns='http://www.w3.org/1998/Math/MathML'>
 <mrow>
  <mtext>sw(n=</mtext>
  <mtext>&ZeroWidthSpace;</mtext>
  <mn>9</mn>
  <mtext>&ZeroWidthSpace;</mtext>
  <mtext>)=</mtext>
  <mtext>&ZeroWidthSpace;</mtext>
  <mn>0.6925140498100377</mn>
 </mrow>
</math>
</p>

<p class="Print">
 <math xmlns='http://www.w3.org/1998/Math/MathML'>
 <mrow>
  <mtext>------- Done for n=</mtext>
  <mtext>&ZeroWidthSpace;</mtext>
  <mn>9</mn>
  <mtext>&ZeroWidthSpace;</mtext>
  <mtext>-------------</mtext>
 </mrow>
</math>
</p>

<p class="Print">
 <math xmlns='http://www.w3.org/1998/Math/MathML'>
 <mrow>
  <mtext>Profit=</mtext>
  <mtext>&ZeroWidthSpace;</mtext>
  <mrow>
   <mo>{</mo>
   <mrow>
    <mn>0.0324524865178073</mn>
    <mo>,</mo>
    <mn>0.2149717859658562</mn>
    <mo>,</mo>
    <mn>0.3348976105816137</mn>
    <mo>,</mo>
    <mn>0.4208374623555664</mn>
    <mo>,</mo>
    <mn>0.4859358649724861</mn>
    <mo>,</mo>
    <mn>0.537196763270124</mn>
    <mo>,</mo>
    <mn>0.5787391806303985</mn>
    <mo>,</mo>
    <mn>0.6131631724393374</mn>
   </mrow>
   <mo>}</mo>
  </mrow>
  <mtext>&ZeroWidthSpace;</mtext>
  <mtext>&NewLine;Agtpay=</mtext>
  <mtext>&ZeroWidthSpace;</mtext>
  <mrow>
   <mo>{</mo>
   <mrow>
    <mrow>
     <mfrac>
      <mn>1</mn>
      <mn>4</mn>
     </mfrac>
     <mo>&InvisibleTimes;</mo>
     <mrow>
      <mo>(</mo>
      <mrow>
       <mrow>
        <mo>-</mo>
        <mn>1</mn>
       </mrow>
       <mo>+</mo>
       <mrow>
        <mi>Log</mi>
        <mo>[</mo>
        <mn>4</mn>
        <mo>]</mo>
       </mrow>
      </mrow>
      <mo>)</mo>
     </mrow>
    </mrow>
    <mo>,</mo>
    <mrow>
     <mrow>
      <mo>-</mo>
      <mfrac>
       <mn>4</mn>
       <mn>3</mn>
      </mfrac>
     </mrow>
     <mo>+</mo>
     <mrow>
      <mi>Log</mi>
      <mo>[</mo>
      <mn>4</mn>
      <mo>]</mo>
     </mrow>
    </mrow>
    <mo>,</mo>
    <mrow>
     <mrow>
      <mo>-</mo>
      <mfrac>
       <mn>33</mn>
       <mn>8</mn>
      </mfrac>
     </mrow>
     <mo>+</mo>
     <mrow>
      <mi>Log</mi>
      <mo>[</mo>
      <mn>64</mn>
      <mo>]</mo>
     </mrow>
    </mrow>
    <mo>,</mo>
    <mrow>
     <mrow>
      <mo>-</mo>
      <mfrac>
       <mn>166</mn>
       <mn>15</mn>
      </mfrac>
     </mrow>
     <mo>+</mo>
     <mrow>
      <mn>8</mn>
      <mo>&InvisibleTimes;</mo>
      <mrow>
       <mi>Log</mi>
       <mo>[</mo>
       <mn>4</mn>
       <mo>]</mo>
      </mrow>
     </mrow>
    </mrow>
    <mo>,</mo>
    <mrow>
     <mrow>
      <mo>-</mo>
      <mfrac>
       <mn>665</mn>
       <mn>24</mn>
      </mfrac>
     </mrow>
     <mo>+</mo>
     <mrow>
      <mn>40</mn>
      <mo>&InvisibleTimes;</mo>
      <mrow>
       <mi>Log</mi>
       <mo>[</mo>
       <mn>2</mn>
       <mo>]</mo>
      </mrow>
     </mrow>
    </mrow>
    <mo>,</mo>
    <mrow>
     <mrow>
      <mo>-</mo>
      <mfrac>
       <mn>4657</mn>
       <mn>70</mn>
      </mfrac>
     </mrow>
     <mo>+</mo>
     <mrow>
      <mn>48</mn>
      <mo>&InvisibleTimes;</mo>
      <mrow>
       <mi>Log</mi>
       <mo>[</mo>
       <mn>4</mn>
       <mo>]</mo>
      </mrow>
     </mrow>
    </mrow>
    <mo>,</mo>
    <mrow>
     <mrow>
      <mo>-</mo>
      <mfrac>
       <mn>37261</mn>
       <mn>240</mn>
      </mfrac>
     </mrow>
     <mo>+</mo>
     <mrow>
      <mn>112</mn>
      <mo>&InvisibleTimes;</mo>
      <mrow>
       <mi>Log</mi>
       <mo>[</mo>
       <mn>4</mn>
       <mo>]</mo>
      </mrow>
     </mrow>
    </mrow>
    <mo>,</mo>
    <mrow>
     <mrow>
      <mo>-</mo>
      <mfrac>
       <mn>111788</mn>
       <mn>315</mn>
      </mfrac>
     </mrow>
     <mo>+</mo>
     <mrow>
      <mn>256</mn>
      <mo>&InvisibleTimes;</mo>
      <mrow>
       <mi>Log</mi>
       <mo>[</mo>
       <mn>4</mn>
       <mo>]</mo>
      </mrow>
     </mrow>
    </mrow>
   </mrow>
   <mo>}</mo>
  </mrow>
  <mtext>&ZeroWidthSpace;</mtext>
  <mtext>&NewLine;Socwel=</mtext>
  <mtext>&ZeroWidthSpace;</mtext>
  <mrow>
   <mo>{</mo>
   <mrow>
    <mn>0.22559966707775259</mn>
    <mo>,</mo>
    <mn>0.37385486932552814</mn>
    <mo>,</mo>
    <mn>0.4704299440202997</mn>
    <mo>,</mo>
    <mn>0.5392785738178572</mn>
    <mo>,</mo>
    <mn>0.5912591993593672</mn>
    <mo>,</mo>
    <mn>0.632102099553357</mn>
    <mo>,</mo>
    <mn>0.66515341071902</mn>
    <mo>,</mo>
    <mn>0.6925140498100377</mn>
   </mrow>
   <mo>}</mo>
  </mrow>
 </mrow>
</math>
</p>

<p class="Input">
 <math xmlns='http://www.w3.org/1998/Math/MathML'>
 <mrow>
  <mi>Integrate</mi>
  <mo>[</mo>
  <mrow>
   <mrow>
    <mi>Log</mi>
    <mo>[</mo>
    <mi>x</mi>
    <mo>]</mo>
   </mrow>
   <mo>,</mo>
   <mrow>
    <mo>{</mo>
    <mrow>
     <mi>x</mi>
     <mo>,</mo>
     <mrow>
      <mn>1</mn>
      <mo>/</mo>
      <mn>4</mn>
     </mrow>
     <mo>,</mo>
     <mn>1</mn>
    </mrow>
    <mo>}</mo>
   </mrow>
  </mrow>
  <mo>]</mo>
 </mrow>
</math>
</p>

<p class="Output">
 <math xmlns='http://www.w3.org/1998/Math/MathML'>
 <mrow>
  <mfrac>
   <mn>1</mn>
   <mn>4</mn>
  </mfrac>
  <mo>&InvisibleTimes;</mo>
  <mrow>
   <mo>(</mo>
   <mrow>
    <mrow>
     <mo>-</mo>
     <mn>3</mn>
    </mrow>
    <mo>+</mo>
    <mrow>
     <mi>Log</mi>
     <mo>[</mo>
     <mn>4</mn>
     <mo>]</mo>
    </mrow>
   </mrow>
   <mo>)</mo>
  </mrow>
 </mrow>
</math>
</p>

<p class="Input">
 <img src='HTMLFiles/math_const_rndp_M=1_2.gif' alt='"math_const_rndp_M=1_2.gif"' width='575' height='129' style='vertical-align:middle' />
</p>

<p class="Output">
 <math xmlns='http://www.w3.org/1998/Math/MathML'>
 <mrow>
  <mrow>
   <mo>-</mo>
   <mfrac>
    <mn>11616</mn>
    <mn>35</mn>
   </mfrac>
  </mrow>
  <mo>+</mo>
  <mrow>
   <mn>448</mn>
   <mo>&InvisibleTimes;</mo>
   <mi>s</mi>
  </mrow>
  <mo>-</mo>
  <mrow>
   <mn>336</mn>
   <mo>&InvisibleTimes;</mo>
   <msup>
    <mi>s</mi>
    <mn>2</mn>
   </msup>
  </mrow>
  <mo>+</mo>
  <mfrac>
   <mrow>
    <mn>560</mn>
    <mo>&InvisibleTimes;</mo>
    <msup>
     <mi>s</mi>
     <mn>3</mn>
    </msup>
   </mrow>
   <mn>3</mn>
  </mfrac>
  <mo>-</mo>
  <mrow>
   <mn>70</mn>
   <mo>&InvisibleTimes;</mo>
   <msup>
    <mi>s</mi>
    <mn>4</mn>
   </msup>
  </mrow>
  <mo>+</mo>
  <mfrac>
   <mrow>
    <mn>84</mn>
    <mo>&InvisibleTimes;</mo>
    <msup>
     <mi>s</mi>
     <mn>5</mn>
    </msup>
   </mrow>
   <mn>5</mn>
  </mfrac>
  <mo>-</mo>
  <mfrac>
   <mrow>
    <mn>7</mn>
    <mo>&InvisibleTimes;</mo>
    <msup>
     <mi>s</mi>
     <mn>6</mn>
    </msup>
   </mrow>
   <mn>3</mn>
  </mfrac>
  <mo>+</mo>
  <mfrac>
   <msup>
    <mi>s</mi>
    <mn>7</mn>
   </msup>
   <mn>7</mn>
  </mfrac>
  <mo>+</mo>
  <mrow>
   <mn>128</mn>
   <mo>&InvisibleTimes;</mo>
   <mrow>
    <mi>Log</mi>
    <mo>[</mo>
    <mn>2</mn>
    <mo>]</mo>
   </mrow>
  </mrow>
  <mo>-</mo>
  <mrow>
   <mn>128</mn>
   <mo>&InvisibleTimes;</mo>
   <mrow>
    <mi>Log</mi>
    <mo>[</mo>
    <mi>s</mi>
    <mo>]</mo>
   </mrow>
  </mrow>
 </mrow>
</math>
</p>

<p class="Output">
 <math xmlns='http://www.w3.org/1998/Math/MathML'>
 <mrow>
  <mn>0.6131631281905137</mn>
  <mtext>&ZeroWidthSpace;</mtext>
  <mo>+</mo>
  <mrow>
   <mrow>
    <mn>2.329516085267807</mn>
    <mo>&times;</mo>
    <msup>
     <mn>10</mn>
     <mrow>
      <mo>-</mo>
      <mn>7</mn>
     </mrow>
    </msup>
   </mrow>
   <mtext> </mtext>
   <mi>&ImaginaryI;</mi>
  </mrow>
 </mrow>
</math>
</p>

<div style='font-family:Helvetica; font-size:11px; width:100%; border:1px none #999999; border-top-style:solid; padding-top:2px; margin-top:20px;'>
 <a href='http://www.wolfram.com/products/mathematica/' style='color:#000; text-decoration:none;'>
  <img src='HTMLFiles/spikeyIcon.jpg' alt='Spikey' width='20' height='21' style='padding-right:2px; border:0px solid white; vertical-align:middle;' />
  <span style="color:#555555">Created with</span> Wolfram <span style="font-style: italic;">Mathematica</span> 7.0
 </a>
</div>
</body>

</html>
