<?xml version="1.0" encoding="UTF-8"?>
<?xml-stylesheet type="text/xsl" href="HTMLFiles/pmathml.xsl"?>
<!DOCTYPE html PUBLIC "-//W3C//DTD XHTML 1.1 plus MathML 2.0//EN"
        "HTMLFiles/xhtml-math11-f.dtd">

<!-- Created by Wolfram Mathematica 7.0 : www.wolfram.com -->

<html xmlns="http://www.w3.org/1999/xhtml">
<head>
 <title>
  math_adaptive_rndp
 </title>
 <link href="HTMLFiles/Default.css" rel="stylesheet" type="text/css" />
</head>

<body style="font-size: 125%;">

<p class="Input">
 <math xmlns='http://www.w3.org/1998/Math/MathML'>
 <mrow>
  <mi>Comparison</mi>
  <mo>&InvisibleTimes;</mo>
  <mi>of</mi>
  <mo>&InvisibleTimes;</mo>
  <mn>3</mn>
  <mo>&InvisibleTimes;</mo>
  <mrow>
   <mi>mechamisms</mi>
   <mo>:</mo>
   <mtext> </mtext>
   <mrow>
    <mi>RNDP</mi>
    <mo>&InvisibleTimes;</mo>
    <mi>case</mi>
   </mrow>
  </mrow>
 </mrow>
</math>
</p>

<p class="Input">
 <img src='HTMLFiles/math_adaptive_rndp_1.gif' alt='"math_adaptive_rndp_1.gif"' width='1706' height='437' style='vertical-align:middle' />
</p>

<p class="Input">
 <math xmlns='http://www.w3.org/1998/Math/MathML'>
 <mrow>
  <mi>If</mi>
  <mo>[</mo>
  <mrow>
   <mrow>
    <mi>bar</mi>
    <mo>&Equal;</mo>
    <mi>True</mi>
   </mrow>
   <mo>,</mo>
   <mrow>
    <mi>b1</mi>
    <mo>=</mo>
    <mrow>
     <mi>BarChart</mi>
     <mo>[</mo>
     <mrow>
      <mi>prof</mi>
      <mo>,</mo>
      <mrow>
       <mi>ChartLabels</mi>
       <mo>&rightarrow;</mo>
       <mrow>
        <mo>{</mo>
        <mrow>
         <mrow>
          <mi>Table</mi>
          <mo>[</mo>
          <mrow>
           <mi>n</mi>
           <mo>,</mo>
           <mrow>
            <mo>{</mo>
            <mrow>
             <mi>n</mi>
             <mo>,</mo>
             <mn>2</mn>
             <mo>,</mo>
             <mn>9</mn>
            </mrow>
            <mo>}</mo>
           </mrow>
          </mrow>
          <mo>]</mo>
         </mrow>
         <mo>,</mo>
         <mi>None</mi>
        </mrow>
        <mo>}</mo>
       </mrow>
      </mrow>
      <mo>,</mo>
      <mrow>
       <mi>AxesLabel</mi>
       <mo>&rightarrow;</mo>
       <mrow>
        <mo>{</mo>
        <mrow>
         <mi>n</mi>
         <mo>,</mo>
         <ms>Max Profit &Omega;</ms>
        </mrow>
        <mo>}</mo>
       </mrow>
      </mrow>
      <mo>,</mo>
      <mrow>
       <mi>ChartLegends</mi>
       <mo>&rightarrow;</mo>
       <mrow>
        <mi>Placed</mi>
        <mo>[</mo>
        <mrow>
         <mrow>
          <mo>{</mo>
          <mrow>
           <ms>Adaptive Prize</ms>
           <mo>,</mo>
           <ms>Optimal Prize</ms>
           <mo>,</mo>
           <ms>Standard Prize</ms>
          </mrow>
          <mo>}</mo>
         </mrow>
         <mo>,</mo>
         <mi>Top</mi>
        </mrow>
        <mo>]</mo>
       </mrow>
      </mrow>
      <mo>,</mo>
      <mrow>
       <mi>ChartStyle</mi>
       <mo>&rightarrow;</mo>
       <mrow>
        <mo>{</mo>
        <mrow>
         <mi>Black</mi>
         <mo>,</mo>
         <mi>Red</mi>
         <mo>,</mo>
         <mi>Blue</mi>
        </mrow>
        <mo>}</mo>
       </mrow>
      </mrow>
      <mo>,</mo>
      <mrow>
       <mi>BarSpacing</mi>
       <mo>&rightarrow;</mo>
       <mrow>
        <mo>{</mo>
        <mrow>
         <mi>Large</mi>
         <mo>,</mo>
         <mn>3</mn>
        </mrow>
        <mo>}</mo>
       </mrow>
      </mrow>
     </mrow>
     <mo>]</mo>
    </mrow>
   </mrow>
   <mo>,</mo>
   <mtext>&#62371;</mtext>
   <mrow>
    <mtext>(*</mtext>
    <mi>else</mi>
    <mtext>*)</mtext>
   </mrow>
   <mo>&InvisibleTimes;</mo>
   <mtext>&#62371;</mtext>
   <mrow>
    <mi>b1</mi>
    <mo>=</mo>
    <mrow>
     <mi>ListLinePlot</mi>
     <mo>[</mo>
     <mrow>
      <mi>prof</mi>
      <mo>,</mo>
      <mrow>
       <mi>AxesLabel</mi>
       <mo>&rightarrow;</mo>
       <mrow>
        <mo>{</mo>
        <mrow>
         <mi>n</mi>
         <mo>,</mo>
         <mrow>
          <mi>Max</mi>
          <mo>&InvisibleTimes;</mo>
          <mi>Profit</mi>
          <mo>&InvisibleTimes;</mo>
          <mi>&Omega;</mi>
         </mrow>
        </mrow>
        <mo>}</mo>
       </mrow>
      </mrow>
      <mo>,</mo>
      <mrow>
       <mi>PlotStyle</mi>
       <mo>-&gt;</mo>
       <mrow>
        <mo>{</mo>
        <mrow>
         <mi>Black</mi>
         <mo>,</mo>
         <mi>Red</mi>
         <mo>,</mo>
         <mi>Blue</mi>
        </mrow>
        <mo>}</mo>
       </mrow>
      </mrow>
      <mo>,</mo>
      <mrow>
       <mi>PlotMarkers</mi>
       <mo>&rightarrow;</mo>
       <mrow>
        <mo>{</mo>
        <mrow>
         <mi>Automatic</mi>
         <mo>,</mo>
         <mi>Medium</mi>
        </mrow>
        <mo>}</mo>
       </mrow>
      </mrow>
      <mo>,</mo>
      <mrow>
       <mi>Filling</mi>
       <mo>&rightarrow;</mo>
       <mi>Axis</mi>
      </mrow>
      <mo>,</mo>
      <mrow>
       <mi>AxesOrigin</mi>
       <mo>&rightarrow;</mo>
       <mrow>
        <mo>{</mo>
        <mrow>
         <mn>1.8</mn>
         <mo>,</mo>
         <mn>0</mn>
        </mrow>
        <mo>}</mo>
       </mrow>
      </mrow>
      <mo>,</mo>
      <mrow>
       <mi>PlotLegend</mi>
       <mo>&rightarrow;</mo>
       <mrow>
        <mo>{</mo>
        <mrow>
         <mrow>
          <mi>Style</mi>
          <mo>[</mo>
          <mrow>
           <ms>Adaptive Prize</ms>
           <mo>,</mo>
           <mrow>
            <mi>FontSize</mi>
            <mo>&rightarrow;</mo>
            <mn>12</mn>
           </mrow>
          </mrow>
          <mo>]</mo>
         </mrow>
         <mo>,</mo>
         <mrow>
          <mi>Style</mi>
          <mo>[</mo>
          <mrow>
           <ms>Optimal Prize</ms>
           <mo>,</mo>
           <mrow>
            <mi>FontSize</mi>
            <mo>&rightarrow;</mo>
            <mn>12</mn>
           </mrow>
          </mrow>
          <mo>]</mo>
         </mrow>
         <mo>,</mo>
         <mrow>
          <mi>Style</mi>
          <mo>[</mo>
          <mrow>
           <ms>Standard Prize</ms>
           <mo>,</mo>
           <mrow>
            <mi>FontSize</mi>
            <mo>&rightarrow;</mo>
            <mn>12</mn>
           </mrow>
          </mrow>
          <mo>]</mo>
         </mrow>
        </mrow>
        <mo>}</mo>
       </mrow>
      </mrow>
      <mo>,</mo>
      <mrow>
       <mi>LegendPosition</mi>
       <mo>&rightarrow;</mo>
       <mrow>
        <mo>{</mo>
        <mrow>
         <mrow>
          <mo>-</mo>
          <mn>0.75</mn>
         </mrow>
         <mo>,</mo>
         <mn>0.2</mn>
        </mrow>
        <mo>}</mo>
       </mrow>
      </mrow>
      <mo>,</mo>
      <mrow>
       <mi>LegendShadow</mi>
       <mo>&rightarrow;</mo>
       <mi>None</mi>
      </mrow>
      <mo>,</mo>
      <mrow>
       <mi>LegendSize</mi>
       <mo>&rightarrow;</mo>
       <mrow>
        <mo>{</mo>
        <mrow>
         <mn>0.8</mn>
         <mo>,</mo>
         <mn>0.3</mn>
        </mrow>
        <mo>}</mo>
       </mrow>
      </mrow>
     </mrow>
     <mo>]</mo>
    </mrow>
   </mrow>
  </mrow>
  <mo>]</mo>
 </mrow>
</math>
</p>

<p class="Output">
 <img src='HTMLFiles/math_adaptive_rndp_2.gif' alt='"math_adaptive_rndp_2.gif"' width='450' height='281' style='vertical-align:middle' />
</p>

<p class="Input">
 <math xmlns='http://www.w3.org/1998/Math/MathML'>
 <mrow>
  <mi>If</mi>
  <mo>[</mo>
  <mrow>
   <mrow>
    <mi>bar</mi>
    <mo>&Equal;</mo>
    <mi>True</mi>
   </mrow>
   <mo>,</mo>
   <mrow>
    <mi>b2</mi>
    <mo>=</mo>
    <mrow>
     <mi>BarChart</mi>
     <mo>[</mo>
     <mrow>
      <mi>payoff</mi>
      <mo>,</mo>
      <mrow>
       <mi>ChartLabels</mi>
       <mo>&rightarrow;</mo>
       <mrow>
        <mo>{</mo>
        <mrow>
         <mrow>
          <mi>Table</mi>
          <mo>[</mo>
          <mrow>
           <mi>n</mi>
           <mo>,</mo>
           <mrow>
            <mo>{</mo>
            <mrow>
             <mi>n</mi>
             <mo>,</mo>
             <mn>2</mn>
             <mo>,</mo>
             <mn>9</mn>
            </mrow>
            <mo>}</mo>
           </mrow>
          </mrow>
          <mo>]</mo>
         </mrow>
         <mo>,</mo>
         <mi>None</mi>
        </mrow>
        <mo>}</mo>
       </mrow>
      </mrow>
      <mo>,</mo>
      <mrow>
       <mi>AxesLabel</mi>
       <mo>&rightarrow;</mo>
       <mrow>
        <mo>{</mo>
        <mrow>
         <mi>n</mi>
         <mo>,</mo>
         <ms>Agent Payoff &pi;</ms>
        </mrow>
        <mo>}</mo>
       </mrow>
      </mrow>
      <mo>,</mo>
      <mrow>
       <mi>ChartLegends</mi>
       <mo>&rightarrow;</mo>
       <mrow>
        <mi>Placed</mi>
        <mo>[</mo>
        <mrow>
         <mrow>
          <mo>{</mo>
          <mrow>
           <ms>Adaptive Prize</ms>
           <mo>,</mo>
           <ms>Optimal Prize</ms>
           <mo>,</mo>
           <ms>Standard Prize</ms>
          </mrow>
          <mo>}</mo>
         </mrow>
         <mo>,</mo>
         <mi>Top</mi>
        </mrow>
        <mo>]</mo>
       </mrow>
      </mrow>
      <mo>,</mo>
      <mrow>
       <mi>ChartStyle</mi>
       <mo>&rightarrow;</mo>
       <mrow>
        <mo>{</mo>
        <mrow>
         <mi>Black</mi>
         <mo>,</mo>
         <mi>Red</mi>
         <mo>,</mo>
         <mi>Blue</mi>
        </mrow>
        <mo>}</mo>
       </mrow>
      </mrow>
      <mo>,</mo>
      <mrow>
       <mi>BarSpacing</mi>
       <mo>&rightarrow;</mo>
       <mrow>
        <mo>{</mo>
        <mrow>
         <mi>Large</mi>
         <mo>,</mo>
         <mn>3</mn>
        </mrow>
        <mo>}</mo>
       </mrow>
      </mrow>
     </mrow>
     <mo>]</mo>
    </mrow>
   </mrow>
   <mo>,</mo>
   <mtext>&#62371;</mtext>
   <mrow>
    <mtext>(*</mtext>
    <mi>else</mi>
    <mtext>*)</mtext>
   </mrow>
   <mo>&InvisibleTimes;</mo>
   <mtext>&#62371;</mtext>
   <mrow>
    <mi>b2</mi>
    <mo>=</mo>
    <mrow>
     <mi>ListLinePlot</mi>
     <mo>[</mo>
     <mrow>
      <mi>payoff</mi>
      <mo>,</mo>
      <mrow>
       <mi>PlotRange</mi>
       <mo>&rightarrow;</mo>
       <mi>All</mi>
      </mrow>
      <mo>,</mo>
      <mrow>
       <mi>AspectRatio</mi>
       <mo>&rightarrow;</mo>
       <mi>Full</mi>
      </mrow>
      <mo>,</mo>
      <mrow>
       <mi>AxesLabel</mi>
       <mo>&rightarrow;</mo>
       <mrow>
        <mo>{</mo>
        <mrow>
         <mi>n</mi>
         <mo>,</mo>
         <ms>Agent Payoff &pi;</ms>
        </mrow>
        <mo>}</mo>
       </mrow>
      </mrow>
      <mo>,</mo>
      <mrow>
       <mi>PlotStyle</mi>
       <mo>-&gt;</mo>
       <mrow>
        <mo>{</mo>
        <mrow>
         <mi>Black</mi>
         <mo>,</mo>
         <mi>Red</mi>
         <mo>,</mo>
         <mi>Blue</mi>
        </mrow>
        <mo>}</mo>
       </mrow>
      </mrow>
      <mo>,</mo>
      <mrow>
       <mi>PlotMarkers</mi>
       <mo>&rightarrow;</mo>
       <mrow>
        <mo>{</mo>
        <mrow>
         <mi>Automatic</mi>
         <mo>,</mo>
         <mi>Medium</mi>
        </mrow>
        <mo>}</mo>
       </mrow>
      </mrow>
      <mo>,</mo>
      <mrow>
       <mi>Filling</mi>
       <mo>&rightarrow;</mo>
       <mi>Axis</mi>
      </mrow>
      <mo>,</mo>
      <mrow>
       <mi>AxesOrigin</mi>
       <mo>&rightarrow;</mo>
       <mrow>
        <mo>{</mo>
        <mrow>
         <mn>1.8</mn>
         <mo>,</mo>
         <mn>0</mn>
        </mrow>
        <mo>}</mo>
       </mrow>
      </mrow>
      <mo>,</mo>
      <mrow>
       <mi>PlotLegend</mi>
       <mo>&rightarrow;</mo>
       <mrow>
        <mo>{</mo>
        <mrow>
         <mrow>
          <mi>Style</mi>
          <mo>[</mo>
          <mrow>
           <ms>Adaptive Prize</ms>
           <mo>,</mo>
           <mrow>
            <mi>FontSize</mi>
            <mo>&rightarrow;</mo>
            <mn>12</mn>
           </mrow>
          </mrow>
          <mo>]</mo>
         </mrow>
         <mo>,</mo>
         <mrow>
          <mi>Style</mi>
          <mo>[</mo>
          <mrow>
           <ms>Optimal Prize</ms>
           <mo>,</mo>
           <mrow>
            <mi>FontSize</mi>
            <mo>&rightarrow;</mo>
            <mn>12</mn>
           </mrow>
          </mrow>
          <mo>]</mo>
         </mrow>
         <mo>,</mo>
         <mrow>
          <mi>Style</mi>
          <mo>[</mo>
          <mrow>
           <ms>Standard Prize</ms>
           <mo>,</mo>
           <mrow>
            <mi>FontSize</mi>
            <mo>&rightarrow;</mo>
            <mn>12</mn>
           </mrow>
          </mrow>
          <mo>]</mo>
         </mrow>
        </mrow>
        <mo>}</mo>
       </mrow>
      </mrow>
      <mo>,</mo>
      <mrow>
       <mi>LegendPosition</mi>
       <mo>&rightarrow;</mo>
       <mrow>
        <mo>{</mo>
        <mrow>
         <mn>0.1</mn>
         <mo>,</mo>
         <mn>0.2</mn>
        </mrow>
        <mo>}</mo>
       </mrow>
      </mrow>
      <mo>,</mo>
      <mrow>
       <mi>LegendShadow</mi>
       <mo>&rightarrow;</mo>
       <mi>None</mi>
      </mrow>
      <mo>,</mo>
      <mrow>
       <mi>LegendSize</mi>
       <mo>&rightarrow;</mo>
       <mrow>
        <mo>{</mo>
        <mrow>
         <mn>0.8</mn>
         <mo>,</mo>
         <mn>0.3</mn>
        </mrow>
        <mo>}</mo>
       </mrow>
      </mrow>
     </mrow>
     <mo>]</mo>
    </mrow>
   </mrow>
  </mrow>
  <mo>]</mo>
 </mrow>
</math>
</p>

<p class="Output">
 <img src='HTMLFiles/math_adaptive_rndp_3.gif' alt='"math_adaptive_rndp_3.gif"' width='450' height='451' style='vertical-align:middle' />
</p>

<p class="Input">
 <math xmlns='http://www.w3.org/1998/Math/MathML'>
 <mrow>
  <mi>If</mi>
  <mo>[</mo>
  <mrow>
   <mrow>
    <mi>bar</mi>
    <mo>&Equal;</mo>
    <mi>True</mi>
   </mrow>
   <mo>,</mo>
   <mrow>
    <mi>b3</mi>
    <mo>=</mo>
    <mrow>
     <mi>BarChart</mi>
     <mo>[</mo>
     <mrow>
      <mi>sw</mi>
      <mo>,</mo>
      <mrow>
       <mi>ChartLabels</mi>
       <mo>&rightarrow;</mo>
       <mrow>
        <mo>{</mo>
        <mrow>
         <mrow>
          <mi>Table</mi>
          <mo>[</mo>
          <mrow>
           <mi>n</mi>
           <mo>,</mo>
           <mrow>
            <mo>{</mo>
            <mrow>
             <mi>n</mi>
             <mo>,</mo>
             <mn>2</mn>
             <mo>,</mo>
             <mn>9</mn>
            </mrow>
            <mo>}</mo>
           </mrow>
          </mrow>
          <mo>]</mo>
         </mrow>
         <mo>,</mo>
         <mi>None</mi>
        </mrow>
        <mo>}</mo>
       </mrow>
      </mrow>
      <mo>,</mo>
      <mrow>
       <mi>AxesLabel</mi>
       <mo>&rightarrow;</mo>
       <mrow>
        <mo>{</mo>
        <mrow>
         <mi>n</mi>
         <mo>,</mo>
         <ms>Social Welfare W</ms>
        </mrow>
        <mo>}</mo>
       </mrow>
      </mrow>
      <mo>,</mo>
      <mrow>
       <mi>ChartLegends</mi>
       <mo>&rightarrow;</mo>
       <mrow>
        <mi>Placed</mi>
        <mo>[</mo>
        <mrow>
         <mrow>
          <mo>{</mo>
          <mrow>
           <ms>Adaptive Prize</ms>
           <mo>,</mo>
           <ms>Optimal Prize</ms>
           <mo>,</mo>
           <ms>Standard Prize</ms>
          </mrow>
          <mo>}</mo>
         </mrow>
         <mo>,</mo>
         <mi>Top</mi>
        </mrow>
        <mo>]</mo>
       </mrow>
      </mrow>
      <mo>,</mo>
      <mrow>
       <mi>ChartStyle</mi>
       <mo>&rightarrow;</mo>
       <mrow>
        <mo>{</mo>
        <mrow>
         <mi>Black</mi>
         <mo>,</mo>
         <mi>Red</mi>
         <mo>,</mo>
         <mi>Blue</mi>
        </mrow>
        <mo>}</mo>
       </mrow>
      </mrow>
      <mo>,</mo>
      <mrow>
       <mi>BarSpacing</mi>
       <mo>&rightarrow;</mo>
       <mrow>
        <mo>{</mo>
        <mrow>
         <mi>Large</mi>
         <mo>,</mo>
         <mn>3</mn>
        </mrow>
        <mo>}</mo>
       </mrow>
      </mrow>
     </mrow>
     <mo>]</mo>
    </mrow>
   </mrow>
   <mo>,</mo>
   <mtext>&#62371;</mtext>
   <mrow>
    <mtext>(*</mtext>
    <mi>else</mi>
    <mtext>*)</mtext>
   </mrow>
   <mo>&InvisibleTimes;</mo>
   <mtext>&#62371;</mtext>
   <mrow>
    <mi>b3</mi>
    <mo>=</mo>
    <mrow>
     <mi>ListLinePlot</mi>
     <mo>[</mo>
     <mrow>
      <mi>sw</mi>
      <mo>,</mo>
      <mrow>
       <mi>AspectRatio</mi>
       <mo>&rightarrow;</mo>
       <mi>Full</mi>
      </mrow>
      <mo>,</mo>
      <mrow>
       <mi>AxesLabel</mi>
       <mo>&rightarrow;</mo>
       <mrow>
        <mo>{</mo>
        <mrow>
         <mi>n</mi>
         <mo>,</mo>
         <ms>Social Welfare W</ms>
        </mrow>
        <mo>}</mo>
       </mrow>
      </mrow>
      <mo>,</mo>
      <mrow>
       <mi>PlotStyle</mi>
       <mo>-&gt;</mo>
       <mrow>
        <mo>{</mo>
        <mrow>
         <mi>Black</mi>
         <mo>,</mo>
         <mi>Red</mi>
         <mo>,</mo>
         <mi>Blue</mi>
        </mrow>
        <mo>}</mo>
       </mrow>
      </mrow>
      <mo>,</mo>
      <mrow>
       <mi>PlotMarkers</mi>
       <mo>&rightarrow;</mo>
       <mrow>
        <mo>{</mo>
        <mrow>
         <mi>Automatic</mi>
         <mo>,</mo>
         <mi>Medium</mi>
        </mrow>
        <mo>}</mo>
       </mrow>
      </mrow>
      <mo>,</mo>
      <mrow>
       <mi>Filling</mi>
       <mo>&rightarrow;</mo>
       <mi>Axis</mi>
      </mrow>
      <mo>,</mo>
      <mrow>
       <mi>AxesOrigin</mi>
       <mo>&rightarrow;</mo>
       <mrow>
        <mo>{</mo>
        <mrow>
         <mn>1.8</mn>
         <mo>,</mo>
         <mn>0</mn>
        </mrow>
        <mo>}</mo>
       </mrow>
      </mrow>
      <mo>,</mo>
      <mrow>
       <mi>PlotLegend</mi>
       <mo>&rightarrow;</mo>
       <mrow>
        <mo>{</mo>
        <mrow>
         <mrow>
          <mi>Style</mi>
          <mo>[</mo>
          <mrow>
           <ms>Adaptive Prize</ms>
           <mo>,</mo>
           <mrow>
            <mi>FontSize</mi>
            <mo>&rightarrow;</mo>
            <mn>12</mn>
           </mrow>
          </mrow>
          <mo>]</mo>
         </mrow>
         <mo>,</mo>
         <mrow>
          <mi>Style</mi>
          <mo>[</mo>
          <mrow>
           <ms>Optimal Prize</ms>
           <mo>,</mo>
           <mrow>
            <mi>FontSize</mi>
            <mo>&rightarrow;</mo>
            <mn>12</mn>
           </mrow>
          </mrow>
          <mo>]</mo>
         </mrow>
         <mo>,</mo>
         <mrow>
          <mi>Style</mi>
          <mo>[</mo>
          <mrow>
           <ms>Standard Prize</ms>
           <mo>,</mo>
           <mrow>
            <mi>FontSize</mi>
            <mo>&rightarrow;</mo>
            <mn>12</mn>
           </mrow>
          </mrow>
          <mo>]</mo>
         </mrow>
        </mrow>
        <mo>}</mo>
       </mrow>
      </mrow>
      <mo>,</mo>
      <mrow>
       <mi>LegendPosition</mi>
       <mo>&rightarrow;</mo>
       <mrow>
        <mo>{</mo>
        <mrow>
         <mrow>
          <mo>-</mo>
          <mn>0.7</mn>
         </mrow>
         <mo>,</mo>
         <mn>0.5</mn>
        </mrow>
        <mo>}</mo>
       </mrow>
      </mrow>
      <mo>,</mo>
      <mrow>
       <mi>LegendShadow</mi>
       <mo>&rightarrow;</mo>
       <mi>None</mi>
      </mrow>
      <mo>,</mo>
      <mrow>
       <mi>LegendSize</mi>
       <mo>&rightarrow;</mo>
       <mrow>
        <mo>{</mo>
        <mrow>
         <mn>0.8</mn>
         <mo>,</mo>
         <mn>0.3</mn>
        </mrow>
        <mo>}</mo>
       </mrow>
      </mrow>
     </mrow>
     <mo>]</mo>
    </mrow>
   </mrow>
  </mrow>
  <mo>]</mo>
 </mrow>
</math>
</p>

<p class="Output">
 <img src='HTMLFiles/math_adaptive_rndp_4.gif' alt='"math_adaptive_rndp_4.gif"' width='450' height='451' style='vertical-align:middle' />
</p>

<p class="Input">
 <math xmlns='http://www.w3.org/1998/Math/MathML'>
 <mrow>
  <mrow>
   <mi>Export</mi>
   <mo>[</mo>
   <mrow>
    <ms>spe-prof-bar.pdf</ms>
    <mo>,</mo>
    <mi>b1</mi>
   </mrow>
   <mo>]</mo>
  </mrow>
  <mo>;</mo>
 </mrow>
</math>
</p>

<p class="Input">
 <math xmlns='http://www.w3.org/1998/Math/MathML'>
 <mrow>
  <mrow>
   <mi>Export</mi>
   <mo>[</mo>
   <mrow>
    <ms>spe-pay-bar.pdf</ms>
    <mo>,</mo>
    <mi>b2</mi>
   </mrow>
   <mo>]</mo>
  </mrow>
  <mo>;</mo>
 </mrow>
</math>
</p>

<p class="Input">
 <math xmlns='http://www.w3.org/1998/Math/MathML'>
 <mrow>
  <mrow>
   <mi>Export</mi>
   <mo>[</mo>
   <mrow>
    <ms>spe-sw-bar.pdf</ms>
    <mo>,</mo>
    <mi>b3</mi>
   </mrow>
   <mo>]</mo>
  </mrow>
  <mo>;</mo>
 </mrow>
</math>
</p>

<p class="Section">
 Prize comparison and prize function plot
</p>



<p class="Input">
 <img src='HTMLFiles/math_adaptive_rndp_5.gif' alt='"math_adaptive_rndp_5.gif"' width='748' height='302' style='vertical-align:middle' />
</p>

<p class="Input">
 <math xmlns='http://www.w3.org/1998/Math/MathML'>
 <mrow>
  <mi>ListLinePlot</mi>
  <mo>[</mo>
  <mrow>
   <mrow>
    <mo>{</mo>
    <mrow>
     <mi>Madapxy</mi>
     <mo>,</mo>
     <mi>Mconxy</mi>
     <mo>,</mo>
     <mi>Mstdxy</mi>
    </mrow>
    <mo>}</mo>
   </mrow>
   <mo>,</mo>
   <mrow>
    <mi>AspectRatio</mi>
    <mo>&rightarrow;</mo>
    <mi>Full</mi>
   </mrow>
   <mo>,</mo>
   <mrow>
    <mi>AxesLabel</mi>
    <mo>&rightarrow;</mo>
    <mrow>
     <mo>{</mo>
     <mrow>
      <mi>n</mi>
      <mo>,</mo>
      <mrow>
       <mi>M</mi>
       <mo>&InvisibleTimes;</mo>
       <mi>Prize</mi>
      </mrow>
     </mrow>
     <mo>}</mo>
    </mrow>
   </mrow>
   <mo>,</mo>
   <mrow>
    <mi>PlotStyle</mi>
    <mo>-&gt;</mo>
    <mrow>
     <mo>{</mo>
     <mrow>
      <mi>Black</mi>
      <mo>,</mo>
      <mi>Red</mi>
      <mo>,</mo>
      <mi>Blue</mi>
     </mrow>
     <mo>}</mo>
    </mrow>
   </mrow>
   <mo>,</mo>
   <mrow>
    <mi>PlotMarkers</mi>
    <mo>&rightarrow;</mo>
    <mrow>
     <mo>{</mo>
     <mrow>
      <mi>Automatic</mi>
      <mo>,</mo>
      <mi>Medium</mi>
     </mrow>
     <mo>}</mo>
    </mrow>
   </mrow>
   <mo>,</mo>
   <mrow>
    <mi>Filling</mi>
    <mo>&rightarrow;</mo>
    <mi>Axis</mi>
   </mrow>
   <mo>,</mo>
   <mrow>
    <mi>AxesOrigin</mi>
    <mo>&rightarrow;</mo>
    <mrow>
     <mo>{</mo>
     <mrow>
      <mn>2</mn>
      <mo>,</mo>
      <mn>0</mn>
     </mrow>
     <mo>}</mo>
    </mrow>
   </mrow>
   <mo>,</mo>
   <mrow>
    <mi>PlotLegend</mi>
    <mo>&rightarrow;</mo>
    <mrow>
     <mo>{</mo>
     <mrow>
      <mrow>
       <mi>Style</mi>
       <mo>[</mo>
       <mrow>
        <ms>Adaptive Prize\n(evaluated w.r.t. winner)</ms>
        <mo>,</mo>
        <mrow>
         <mi>FontSize</mi>
         <mo>&rightarrow;</mo>
         <mn>12</mn>
        </mrow>
       </mrow>
       <mo>]</mo>
      </mrow>
      <mo>,</mo>
      <mrow>
       <mi>Style</mi>
       <mo>[</mo>
       <mrow>
        <ms>Optimal Prize</ms>
        <mo>,</mo>
        <mrow>
         <mi>FontSize</mi>
         <mo>&rightarrow;</mo>
         <mn>12</mn>
        </mrow>
       </mrow>
       <mo>]</mo>
      </mrow>
      <mo>,</mo>
      <mrow>
       <mi>Style</mi>
       <mo>[</mo>
       <mrow>
        <ms>Standard Prize</ms>
        <mo>,</mo>
        <mrow>
         <mi>FontSize</mi>
         <mo>&rightarrow;</mo>
         <mn>12</mn>
        </mrow>
       </mrow>
       <mo>]</mo>
      </mrow>
     </mrow>
     <mo>}</mo>
    </mrow>
   </mrow>
   <mo>,</mo>
   <mrow>
    <mi>LegendPosition</mi>
    <mo>&rightarrow;</mo>
    <mrow>
     <mo>{</mo>
     <mrow>
      <mrow>
       <mo>-</mo>
       <mn>0.35</mn>
      </mrow>
      <mo>,</mo>
      <mrow>
       <mo>-</mo>
       <mn>0.85</mn>
      </mrow>
     </mrow>
     <mo>}</mo>
    </mrow>
   </mrow>
   <mo>,</mo>
   <mrow>
    <mi>LegendShadow</mi>
    <mo>&rightarrow;</mo>
    <mi>None</mi>
   </mrow>
   <mo>,</mo>
   <mrow>
    <mi>LegendSize</mi>
    <mo>&rightarrow;</mo>
    <mrow>
     <mo>{</mo>
     <mrow>
      <mn>1.2</mn>
      <mo>,</mo>
      <mn>0.6</mn>
     </mrow>
     <mo>}</mo>
    </mrow>
   </mrow>
  </mrow>
  <mo>]</mo>
 </mrow>
</math>
</p>

<p class="Output">
 <img src='HTMLFiles/math_adaptive_rndp_6.gif' alt='"math_adaptive_rndp_6.gif"' width='450' height='451' style='vertical-align:middle' />
</p>

<p class="Input">
 <math xmlns='http://www.w3.org/1998/Math/MathML'>
 <mrow>
  <mi>Plot</mi>
  <mo>[</mo>
  <mrow>
   <mrow>
    <mi>Ms</mi>
    <mo>[</mo>
    <mrow>
     <mi>s</mi>
     <mo>,</mo>
     <mn>6</mn>
    </mrow>
    <mo>]</mo>
   </mrow>
   <mo>,</mo>
   <mrow>
    <mo>{</mo>
    <mrow>
     <mi>s</mi>
     <mo>,</mo>
     <mn>1</mn>
     <mo>,</mo>
     <mn>1.5</mn>
    </mrow>
    <mo>}</mo>
   </mrow>
   <mo>,</mo>
   <mrow>
    <mi>Filling</mi>
    <mo>&rightarrow;</mo>
    <mi>Axis</mi>
   </mrow>
   <mo>,</mo>
   <mrow>
    <mi>FillingStyle</mi>
    <mo>&rightarrow;</mo>
    <mi>Yellow</mi>
   </mrow>
   <mo>,</mo>
   <mrow>
    <mi>AxesOrigin</mi>
    <mo>&rightarrow;</mo>
    <mrow>
     <mo>{</mo>
     <mrow>
      <mn>1</mn>
      <mo>,</mo>
      <mn>0</mn>
     </mrow>
     <mo>}</mo>
    </mrow>
   </mrow>
   <mo>,</mo>
   <mrow>
    <mi>PlotStyle</mi>
    <mo>&rightarrow;</mo>
    <mi>Thick</mi>
   </mrow>
   <mo>,</mo>
   <mrow>
    <mtext>(*</mtext>
    <mrow>
     <mrow>
      <mi>PlotLegend</mi>
      <mo>&rightarrow;</mo>
      <mrow>
       <mi>Style</mi>
       <mo>[</mo>
       <mrow>
        <ms>n=6</ms>
        <mo>,</mo>
        <mrow>
         <mi>FontSize</mi>
         <mo>&rightarrow;</mo>
         <mn>12</mn>
        </mrow>
       </mrow>
       <mo>]</mo>
      </mrow>
     </mrow>
     <mo>,</mo>
     <mrow>
      <mi>LegendPosition</mi>
      <mo>&rightarrow;</mo>
      <mrow>
       <mo>{</mo>
       <mrow>
        <mrow>
         <mo>-</mo>
         <mn>0.6</mn>
        </mrow>
        <mo>,</mo>
        <mn>0</mn>
       </mrow>
       <mo>}</mo>
      </mrow>
     </mrow>
     <mo>,</mo>
     <mrow>
      <mi>LegendShadow</mi>
      <mo>&rightarrow;</mo>
      <mi>None</mi>
     </mrow>
     <mo>,</mo>
     <mrow>
      <mi>LegendSize</mi>
      <mo>&rightarrow;</mo>
      <mrow>
       <mo>{</mo>
       <mrow>
        <mn>0.3</mn>
        <mo>,</mo>
        <mn>0.1</mn>
       </mrow>
       <mo>}</mo>
      </mrow>
     </mrow>
    </mrow>
    <mtext>*)</mtext>
   </mrow>
   <mo>&InvisibleTimes;</mo>
   <mrow>
    <mi>Frame</mi>
    <mo>&rightarrow;</mo>
    <mi>True</mi>
   </mrow>
   <mo>,</mo>
   <mrow>
    <mi>GridLines</mi>
    <mo>&rightarrow;</mo>
    <mi>Automatic</mi>
   </mrow>
   <mo>,</mo>
   <mrow>
    <mi>GridLinesStyle</mi>
    <mo>&rightarrow;</mo>
    <mi>Dashed</mi>
   </mrow>
   <mo>,</mo>
   <mrow>
    <mi>FrameLabel</mi>
    <mo>&rightarrow;</mo>
    <mrow>
     <mo>{</mo>
     <mrow>
      <mrow>
       <mi>s</mi>
       <mtext> </mtext>
       <mo>-</mo>
       <mtext> </mtext>
       <mi>Type</mi>
      </mrow>
      <mo>,</mo>
      <mrow>
       <mi>M</mi>
       <mtext>  </mtext>
       <mo>-</mo>
       <mtext> </mtext>
       <mi>Prize</mi>
      </mrow>
     </mrow>
     <mo>}</mo>
    </mrow>
   </mrow>
  </mrow>
  <mo>]</mo>
 </mrow>
</math>
</p>

<p class="Output">
 <img src='HTMLFiles/math_adaptive_rndp_7.gif' alt='"math_adaptive_rndp_7.gif"' width='450' height='297' style='vertical-align:middle' />
</p>

<p class="Input">
 <math xmlns='http://www.w3.org/1998/Math/MathML'>
 <mrow>
  <mi>Plot</mi>
  <mo>[</mo>
  <mrow>
   <mrow>
    <mi>Mz</mi>
    <mo>[</mo>
    <mrow>
     <mi>z</mi>
     <mo>,</mo>
     <mn>6</mn>
    </mrow>
    <mo>]</mo>
   </mrow>
   <mo>,</mo>
   <mrow>
    <mo>{</mo>
    <mrow>
     <mi>z</mi>
     <mo>,</mo>
     <mn>0.25</mn>
     <mo>,</mo>
     <mn>0.5</mn>
    </mrow>
    <mo>}</mo>
   </mrow>
   <mo>,</mo>
   <mrow>
    <mi>Filling</mi>
    <mo>&rightarrow;</mo>
    <mi>Axis</mi>
   </mrow>
   <mo>,</mo>
   <mrow>
    <mi>FillingStyle</mi>
    <mo>&rightarrow;</mo>
    <mi>Green</mi>
   </mrow>
   <mo>,</mo>
   <mrow>
    <mi>AxesOrigin</mi>
    <mo>&rightarrow;</mo>
    <mrow>
     <mo>{</mo>
     <mrow>
      <mn>0.25</mn>
      <mo>,</mo>
      <mn>0</mn>
     </mrow>
     <mo>}</mo>
    </mrow>
   </mrow>
   <mo>,</mo>
   <mrow>
    <mi>PlotStyle</mi>
    <mo>&rightarrow;</mo>
    <mi>Thick</mi>
   </mrow>
   <mo>,</mo>
   <mrow>
    <mi>PlotRange</mi>
    <mo>&rightarrow;</mo>
    <mi>Full</mi>
   </mrow>
   <mo>,</mo>
   <mrow>
    <mi>Frame</mi>
    <mo>&rightarrow;</mo>
    <mi>True</mi>
   </mrow>
   <mo>,</mo>
   <mrow>
    <mi>GridLines</mi>
    <mo>&rightarrow;</mo>
    <mi>Automatic</mi>
   </mrow>
   <mo>,</mo>
   <mrow>
    <mi>GridLinesStyle</mi>
    <mo>&rightarrow;</mo>
    <mi>Dashed</mi>
   </mrow>
   <mo>,</mo>
   <mrow>
    <mi>FrameLabel</mi>
    <mo>&rightarrow;</mo>
    <mrow>
     <mo>{</mo>
     <mrow>
      <mrow>
       <mi>z</mi>
       <mtext> </mtext>
       <mo>-</mo>
       <mtext> </mtext>
       <mi>Contribution</mi>
      </mrow>
      <mo>,</mo>
      <mrow>
       <mi>M</mi>
       <mtext>  </mtext>
       <mo>-</mo>
       <mtext> </mtext>
       <mi>Prize</mi>
      </mrow>
     </mrow>
     <mo>}</mo>
    </mrow>
   </mrow>
  </mrow>
  <mo>]</mo>
 </mrow>
</math>
</p>

<p class="Output">
 <img src='HTMLFiles/math_adaptive_rndp_8.gif' alt='"math_adaptive_rndp_8.gif"' width='450' height='295' style='vertical-align:middle' />
</p>

<div style='font-family:Helvetica; font-size:11px; width:100%; border:1px none #999999; border-top-style:solid; padding-top:2px; margin-top:20px;'>
 <a href='http://www.wolfram.com/products/mathematica/' style='color:#000; text-decoration:none;'>
  <img src='HTMLFiles/spikeyIcon.jpg' alt='Spikey' width='20' height='21' style='padding-right:2px; border:0px solid white; vertical-align:middle;' />
  <span style="color:#555555">Created with</span> Wolfram <span style="font-style: italic;">Mathematica</span> 7.0
 </a>
</div>
</body>

</html>
