<?xml version="1.0" encoding="UTF-8"?>
<?xml-stylesheet type="text/xsl" href="HTMLFiles/pmathml.xsl"?>
<!DOCTYPE html PUBLIC "-//W3C//DTD XHTML 1.1 plus MathML 2.0//EN"
        "HTMLFiles/xhtml-math11-f.dtd">

<!-- Created by Wolfram Mathematica 7.0 : www.wolfram.com -->

<html xmlns="http://www.w3.org/1999/xhtml">
<head>
 <title>
  math_const_N2eps01ab
 </title>
 <link href="HTMLFiles/Default.css" rel="stylesheet" type="text/css" />
</head>

<body style="font-size: 125%;">

<p class="Input">
 <math xmlns='http://www.w3.org/1998/Math/MathML'>
 <mrow>
  <mrow>
   <mi>Fig</mi>
   <mtext> </mtext>
   <mn>3.</mn>
   <mtext> </mtext>
   <mi>Finding</mi>
   <mo>&InvisibleTimes;</mo>
   <mi>max</mi>
   <mo>&InvisibleTimes;</mo>
   <mi>profit</mi>
   <mo>&InvisibleTimes;</mo>
   <mi>for</mi>
   <mo>&InvisibleTimes;</mo>
   <mi>Optimal</mi>
   <mo>&InvisibleTimes;</mo>
   <mi>Prize</mi>
  </mrow>
  <mo>&InvisibleTimes;</mo>
  <mtext>&#62371;</mtext>
  <mrow>
   <mn>1.</mn>
   <mtext> </mtext>
   <mi>Fig</mi>
   <mo>&InvisibleTimes;</mo>
   <mn>3</mn>
   <mo>&InvisibleTimes;</mo>
   <mi>a</mi>
   <mo>&InvisibleTimes;</mo>
   <mrow>
    <mo>(</mo>
    <mrow>
     <mrow>
      <mrow>
       <mi>eps</mi>
       <mo>=</mo>
       <mn>0.1</mn>
      </mrow>
      <mo>;</mo>
      <mrow>
       <mi>M</mi>
       <mo>=</mo>
       <mrow>
        <mn>0.1</mn>
        <mo>~</mo>
        <mn>1</mn>
       </mrow>
      </mrow>
     </mrow>
     <mo>,</mo>
     <mtext> </mtext>
     <mrow>
      <mi>step</mi>
      <mtext> </mtext>
      <mn>0.1</mn>
     </mrow>
    </mrow>
    <mo>)</mo>
   </mrow>
  </mrow>
 </mrow>
</math>
</p>

<p class="Input">
 <img src='HTMLFiles/math_const_N2eps01ab_1.gif' alt='"math_const_N2eps01ab_1.gif"' width='553' height='327' style='vertical-align:middle' />
</p>

<p class="Print">
 <math xmlns='http://www.w3.org/1998/Math/MathML'>
 <mrow>
  <mtext>eps=</mtext>
  <mtext>&ZeroWidthSpace;</mtext>
  <mn>0.1</mn>
 </mrow>
</math>
</p>

<p class="Print">
 <math xmlns='http://www.w3.org/1998/Math/MathML'>
 <mrow>
  <mtext>M=</mtext>
  <mtext>&ZeroWidthSpace;</mtext>
  <mn>0.1</mn>
  <mtext>&ZeroWidthSpace;</mtext>
  <mtext>  Profit=</mtext>
  <mtext>&ZeroWidthSpace;</mtext>
  <mn>0.26932027988865015</mn>
 </mrow>
</math>
</p>

<p class="Print">
 <math xmlns='http://www.w3.org/1998/Math/MathML'>
 <mrow>
  <mtext>M=</mtext>
  <mtext>&ZeroWidthSpace;</mtext>
  <mn>0.2</mn>
  <mtext>&ZeroWidthSpace;</mtext>
  <mtext>  Profit=</mtext>
  <mtext>&ZeroWidthSpace;</mtext>
  <mn>0.3212317193495477</mn>
 </mrow>
</math>
</p>

<p class="Print">
 <math xmlns='http://www.w3.org/1998/Math/MathML'>
 <mrow>
  <mtext>M=</mtext>
  <mtext>&ZeroWidthSpace;</mtext>
  <mn>0.30000000000000004</mn>
  <mtext>&ZeroWidthSpace;</mtext>
  <mtext>  Profit=</mtext>
  <mtext>&ZeroWidthSpace;</mtext>
  <mn>0.33706557373135226</mn>
 </mrow>
</math>
</p>

<p class="Print">
 <math xmlns='http://www.w3.org/1998/Math/MathML'>
 <mrow>
  <mtext>M=</mtext>
  <mtext>&ZeroWidthSpace;</mtext>
  <mn>0.4</mn>
  <mtext>&ZeroWidthSpace;</mtext>
  <mtext>  Profit=</mtext>
  <mtext>&ZeroWidthSpace;</mtext>
  <mn>0.3341013519846435</mn>
 </mrow>
</math>
</p>

<p class="Print">
 <math xmlns='http://www.w3.org/1998/Math/MathML'>
 <mrow>
  <mtext>M=</mtext>
  <mtext>&ZeroWidthSpace;</mtext>
  <mn>0.5</mn>
  <mtext>&ZeroWidthSpace;</mtext>
  <mtext>  Profit=</mtext>
  <mtext>&ZeroWidthSpace;</mtext>
  <mn>0.31904621004543887</mn>
 </mrow>
</math>
</p>

<p class="Print">
 <math xmlns='http://www.w3.org/1998/Math/MathML'>
 <mrow>
  <mtext>M=</mtext>
  <mtext>&ZeroWidthSpace;</mtext>
  <mn>0.6</mn>
  <mtext>&ZeroWidthSpace;</mtext>
  <mtext>  Profit=</mtext>
  <mtext>&ZeroWidthSpace;</mtext>
  <mn>0.29534651252893973</mn>
 </mrow>
</math>
</p>

<p class="Print">
 <math xmlns='http://www.w3.org/1998/Math/MathML'>
 <mrow>
  <mtext>M=</mtext>
  <mtext>&ZeroWidthSpace;</mtext>
  <mn>0.7</mn>
  <mtext>&ZeroWidthSpace;</mtext>
  <mtext>  Profit=</mtext>
  <mtext>&ZeroWidthSpace;</mtext>
  <mn>0.26505342594641956</mn>
 </mrow>
</math>
</p>

<p class="Print">
 <math xmlns='http://www.w3.org/1998/Math/MathML'>
 <mrow>
  <mtext>M=</mtext>
  <mtext>&ZeroWidthSpace;</mtext>
  <mn>0.7999999999999999</mn>
  <mtext>&ZeroWidthSpace;</mtext>
  <mtext>  Profit=</mtext>
  <mtext>&ZeroWidthSpace;</mtext>
  <mn>0.22950570218541955</mn>
 </mrow>
</math>
</p>

<p class="Print">
 <math xmlns='http://www.w3.org/1998/Math/MathML'>
 <mrow>
  <mtext>M=</mtext>
  <mtext>&ZeroWidthSpace;</mtext>
  <mn>0.8999999999999999</mn>
  <mtext>&ZeroWidthSpace;</mtext>
  <mtext>  Profit=</mtext>
  <mtext>&ZeroWidthSpace;</mtext>
  <mn>0.18963489921162546</mn>
 </mrow>
</math>
</p>

<p class="Print">
 <math xmlns='http://www.w3.org/1998/Math/MathML'>
 <mrow>
  <mtext>M=</mtext>
  <mtext>&ZeroWidthSpace;</mtext>
  <mn>0.9999999999999999</mn>
  <mtext>&ZeroWidthSpace;</mtext>
  <mtext>  Profit=</mtext>
  <mtext>&ZeroWidthSpace;</mtext>
  <mn>0.146120326910686</mn>
 </mrow>
</math>
</p>

<p class="Input">
 <math xmlns='http://www.w3.org/1998/Math/MathML'>
 <mi>profit</mi>
</math>
</p>

<p class="Output">
 <math xmlns='http://www.w3.org/1998/Math/MathML'>
 <mrow>
  <mo>{</mo>
  <mrow>
   <mrow>
    <mo>{</mo>
    <mrow>
     <mn>0.1</mn>
     <mo>,</mo>
     <mn>0.26932027988865015</mn>
    </mrow>
    <mo>}</mo>
   </mrow>
   <mo>,</mo>
   <mrow>
    <mo>{</mo>
    <mrow>
     <mn>0.2</mn>
     <mo>,</mo>
     <mn>0.3212317193495477</mn>
    </mrow>
    <mo>}</mo>
   </mrow>
   <mo>,</mo>
   <mrow>
    <mo>{</mo>
    <mrow>
     <mn>0.30000000000000004</mn>
     <mo>,</mo>
     <mn>0.33706557373135226</mn>
    </mrow>
    <mo>}</mo>
   </mrow>
   <mo>,</mo>
   <mrow>
    <mo>{</mo>
    <mrow>
     <mn>0.4</mn>
     <mo>,</mo>
     <mn>0.3341013519846435</mn>
    </mrow>
    <mo>}</mo>
   </mrow>
   <mo>,</mo>
   <mrow>
    <mo>{</mo>
    <mrow>
     <mn>0.5</mn>
     <mo>,</mo>
     <mn>0.31904621004543887</mn>
    </mrow>
    <mo>}</mo>
   </mrow>
   <mo>,</mo>
   <mrow>
    <mo>{</mo>
    <mrow>
     <mn>0.6</mn>
     <mo>,</mo>
     <mn>0.29534651252893973</mn>
    </mrow>
    <mo>}</mo>
   </mrow>
   <mo>,</mo>
   <mrow>
    <mo>{</mo>
    <mrow>
     <mn>0.7</mn>
     <mo>,</mo>
     <mn>0.26505342594641956</mn>
    </mrow>
    <mo>}</mo>
   </mrow>
   <mo>,</mo>
   <mrow>
    <mo>{</mo>
    <mrow>
     <mn>0.7999999999999999</mn>
     <mo>,</mo>
     <mn>0.22950570218541955</mn>
    </mrow>
    <mo>}</mo>
   </mrow>
   <mo>,</mo>
   <mrow>
    <mo>{</mo>
    <mrow>
     <mn>0.8999999999999999</mn>
     <mo>,</mo>
     <mn>0.18963489921162546</mn>
    </mrow>
    <mo>}</mo>
   </mrow>
   <mo>,</mo>
   <mrow>
    <mo>{</mo>
    <mrow>
     <mn>0.9999999999999999</mn>
     <mo>,</mo>
     <mn>0.146120326910686</mn>
    </mrow>
    <mo>}</mo>
   </mrow>
  </mrow>
  <mo>}</mo>
 </mrow>
</math>
</p>

<p class="Input">
 <math xmlns='http://www.w3.org/1998/Math/MathML'>
 <mrow>
  <mi>ListPlot</mi>
  <mo>[</mo>
  <mrow>
   <mi>profit</mi>
   <mo>,</mo>
   <mrow>
    <mi>FrameLabel</mi>
    <mo>&rightarrow;</mo>
    <mrow>
     <mo>{</mo>
     <mrow>
      <semantics>
       <mrow>
        <msub>
         <ms>M</ms>
         <ms>0</ms>
        </msub>
       </mrow>
       <annotation encoding='Mathematica'>&quot;\&quot;\!\(\*SubscriptBox[\(M\), \(0\)]\)\&quot;&quot;</annotation>
      </semantics>
      <mo>,</mo>
      <msub>
       <mi>&Omega;</mi>
       <mi>con</mi>
      </msub>
     </mrow>
     <mo>}</mo>
    </mrow>
   </mrow>
   <mo>,</mo>
   <mrow>
    <mi>AxesOrigin</mi>
    <mo>&rightarrow;</mo>
    <mrow>
     <mo>{</mo>
     <mrow>
      <mn>0</mn>
      <mo>,</mo>
      <mn>0.1</mn>
     </mrow>
     <mo>}</mo>
    </mrow>
   </mrow>
   <mo>,</mo>
   <mrow>
    <mi>GridLines</mi>
    <mo>&rightarrow;</mo>
    <mi>Automatic</mi>
   </mrow>
   <mo>,</mo>
   <mrow>
    <mi>GridLinesStyle</mi>
    <mo>&rightarrow;</mo>
    <mi>Dashed</mi>
   </mrow>
   <mo>,</mo>
   <mrow>
    <mi>PlotMarkers</mi>
    <mo>&rightarrow;</mo>
    <mrow>
     <mo>{</mo>
     <mrow>
      <mi>Automatic</mi>
      <mo>,</mo>
      <mi>Medium</mi>
     </mrow>
     <mo>}</mo>
    </mrow>
   </mrow>
   <mo>,</mo>
   <mrow>
    <mi>PlotStyle</mi>
    <mo>&rightarrow;</mo>
    <mi>Red</mi>
   </mrow>
   <mo>,</mo>
   <mrow>
    <mi>Frame</mi>
    <mo>&rightarrow;</mo>
    <mi>True</mi>
   </mrow>
  </mrow>
  <mo>]</mo>
 </mrow>
</math>
</p>

<p class="Output">
 <img src='HTMLFiles/math_const_N2eps01ab_2.gif' alt='"math_const_N2eps01ab_2.gif"' width='450' height='294' style='vertical-align:middle' />
</p>

<p class="Input">
 <math xmlns='http://www.w3.org/1998/Math/MathML'>
 <mrow>
  <mn>2.</mn>
  <mi>Fig</mi>
  <mo>&InvisibleTimes;</mo>
  <mn>3</mn>
  <mo>&InvisibleTimes;</mo>
  <mi>b</mi>
  <mo>&InvisibleTimes;</mo>
  <mrow>
   <mo>(</mo>
   <mrow>
    <mrow>
     <mrow>
      <mi>eps</mi>
      <mo>=</mo>
      <mn>0.1</mn>
     </mrow>
     <mo>;</mo>
     <mrow>
      <mi>M</mi>
      <mo>=</mo>
      <mrow>
       <mn>0.15</mn>
       <mo>~</mo>
       <mn>0.45</mn>
      </mrow>
     </mrow>
    </mrow>
    <mo>,</mo>
    <mtext> </mtext>
    <mrow>
     <mi>step</mi>
     <mtext> </mtext>
     <mn>0.01</mn>
    </mrow>
   </mrow>
   <mo>)</mo>
  </mrow>
 </mrow>
</math>
</p>

<p class="Input">
 <img src='HTMLFiles/math_const_N2eps01ab_3.gif' alt='"math_const_N2eps01ab_3.gif"' width='562' height='283' style='vertical-align:middle' />
</p>

<p class="Output">
 <math xmlns='http://www.w3.org/1998/Math/MathML'>
 <mn>0.1</mn>
</math>
</p>

<p class="Print">
 <math xmlns='http://www.w3.org/1998/Math/MathML'>
 <mrow>
  <mtext>M=</mtext>
  <mtext>&ZeroWidthSpace;</mtext>
  <mn>0.15</mn>
  <mtext>&ZeroWidthSpace;</mtext>
  <mtext>  Profit=</mtext>
  <mtext>&ZeroWidthSpace;</mtext>
  <mn>0.30186192018740854</mn>
 </mrow>
</math>
</p>

<p class="Print">
 <math xmlns='http://www.w3.org/1998/Math/MathML'>
 <mrow>
  <mtext>M=</mtext>
  <mtext>&ZeroWidthSpace;</mtext>
  <mn>0.16</mn>
  <mtext>&ZeroWidthSpace;</mtext>
  <mtext>  Profit=</mtext>
  <mtext>&ZeroWidthSpace;</mtext>
  <mn>0.3065856212862036</mn>
 </mrow>
</math>
</p>

<p class="Print">
 <math xmlns='http://www.w3.org/1998/Math/MathML'>
 <mrow>
  <mtext>M=</mtext>
  <mtext>&ZeroWidthSpace;</mtext>
  <mn>0.17</mn>
  <mtext>&ZeroWidthSpace;</mtext>
  <mtext>  Profit=</mtext>
  <mtext>&ZeroWidthSpace;</mtext>
  <mn>0.3108471158233518</mn>
 </mrow>
</math>
</p>

<p class="Print">
 <math xmlns='http://www.w3.org/1998/Math/MathML'>
 <mrow>
  <mtext>M=</mtext>
  <mtext>&ZeroWidthSpace;</mtext>
  <mn>0.18000000000000002</mn>
  <mtext>&ZeroWidthSpace;</mtext>
  <mtext>  Profit=</mtext>
  <mtext>&ZeroWidthSpace;</mtext>
  <mn>0.3146863788418648</mn>
 </mrow>
</math>
</p>

<p class="Print">
 <math xmlns='http://www.w3.org/1998/Math/MathML'>
 <mrow>
  <mtext>M=</mtext>
  <mtext>&ZeroWidthSpace;</mtext>
  <mn>0.19000000000000003</mn>
  <mtext>&ZeroWidthSpace;</mtext>
  <mtext>  Profit=</mtext>
  <mtext>&ZeroWidthSpace;</mtext>
  <mn>0.3181379075931209</mn>
 </mrow>
</math>
</p>

<p class="Print">
 <math xmlns='http://www.w3.org/1998/Math/MathML'>
 <mrow>
  <mtext>M=</mtext>
  <mtext>&ZeroWidthSpace;</mtext>
  <mn>0.20000000000000004</mn>
  <mtext>&ZeroWidthSpace;</mtext>
  <mtext>  Profit=</mtext>
  <mtext>&ZeroWidthSpace;</mtext>
  <mn>0.32123171934954786</mn>
 </mrow>
</math>
</p>

<p class="Print">
 <math xmlns='http://www.w3.org/1998/Math/MathML'>
 <mrow>
  <mtext>M=</mtext>
  <mtext>&ZeroWidthSpace;</mtext>
  <mn>0.21000000000000005</mn>
  <mtext>&ZeroWidthSpace;</mtext>
  <mtext>  Profit=</mtext>
  <mtext>&ZeroWidthSpace;</mtext>
  <mn>0.3239941287677056</mn>
 </mrow>
</math>
</p>

<p class="Print">
 <math xmlns='http://www.w3.org/1998/Math/MathML'>
 <mrow>
  <mtext>M=</mtext>
  <mtext>&ZeroWidthSpace;</mtext>
  <mn>0.22000000000000006</mn>
  <mtext>&ZeroWidthSpace;</mtext>
  <mtext>  Profit=</mtext>
  <mtext>&ZeroWidthSpace;</mtext>
  <mn>0.3264483522814058</mn>
 </mrow>
</math>
</p>

<p class="Print">
 <math xmlns='http://www.w3.org/1998/Math/MathML'>
 <mrow>
  <mtext>M=</mtext>
  <mtext>&ZeroWidthSpace;</mtext>
  <mn>0.23000000000000007</mn>
  <mtext>&ZeroWidthSpace;</mtext>
  <mtext>  Profit=</mtext>
  <mtext>&ZeroWidthSpace;</mtext>
  <mn>0.3286149986104687</mn>
 </mrow>
</math>
</p>

<p class="Print">
 <math xmlns='http://www.w3.org/1998/Math/MathML'>
 <mrow>
  <mtext>M=</mtext>
  <mtext>&ZeroWidthSpace;</mtext>
  <mn>0.24000000000000007</mn>
  <mtext>&ZeroWidthSpace;</mtext>
  <mtext>  Profit=</mtext>
  <mtext>&ZeroWidthSpace;</mtext>
  <mn>0.330512465603224</mn>
 </mrow>
</math>
</p>

<p class="Print">
 <math xmlns='http://www.w3.org/1998/Math/MathML'>
 <mrow>
  <mtext>M=</mtext>
  <mtext>&ZeroWidthSpace;</mtext>
  <mn>0.25000000000000006</mn>
  <mtext>&ZeroWidthSpace;</mtext>
  <mtext>  Profit=</mtext>
  <mtext>&ZeroWidthSpace;</mtext>
  <mn>0.3321572547052675</mn>
 </mrow>
</math>
</p>

<p class="Print">
 <math xmlns='http://www.w3.org/1998/Math/MathML'>
 <mrow>
  <mtext>M=</mtext>
  <mtext>&ZeroWidthSpace;</mtext>
  <mn>0.26000000000000006</mn>
  <mtext>&ZeroWidthSpace;</mtext>
  <mtext>  Profit=</mtext>
  <mtext>&ZeroWidthSpace;</mtext>
  <mn>0.3335642352340215</mn>
 </mrow>
</math>
</p>

<p class="Print">
 <math xmlns='http://www.w3.org/1998/Math/MathML'>
 <mrow>
  <mtext>M=</mtext>
  <mtext>&ZeroWidthSpace;</mtext>
  <mn>0.2700000000000001</mn>
  <mtext>&ZeroWidthSpace;</mtext>
  <mtext>  Profit=</mtext>
  <mtext>&ZeroWidthSpace;</mtext>
  <mn>0.33474686201817455</mn>
 </mrow>
</math>
</p>

<p class="Print">
 <math xmlns='http://www.w3.org/1998/Math/MathML'>
 <mrow>
  <mtext>M=</mtext>
  <mtext>&ZeroWidthSpace;</mtext>
  <mn>0.2800000000000001</mn>
  <mtext>&ZeroWidthSpace;</mtext>
  <mtext>  Profit=</mtext>
  <mtext>&ZeroWidthSpace;</mtext>
  <mn>0.3357173596692364</mn>
 </mrow>
</math>
</p>

<p class="Print">
 <math xmlns='http://www.w3.org/1998/Math/MathML'>
 <mrow>
  <mtext>M=</mtext>
  <mtext>&ZeroWidthSpace;</mtext>
  <mn>0.2900000000000001</mn>
  <mtext>&ZeroWidthSpace;</mtext>
  <mtext>  Profit=</mtext>
  <mtext>&ZeroWidthSpace;</mtext>
  <mn>0.3364868660220863</mn>
 </mrow>
</math>
</p>

<p class="Print">
 <math xmlns='http://www.w3.org/1998/Math/MathML'>
 <mrow>
  <mtext>M=</mtext>
  <mtext>&ZeroWidthSpace;</mtext>
  <mn>0.3000000000000001</mn>
  <mtext>&ZeroWidthSpace;</mtext>
  <mtext>  Profit=</mtext>
  <mtext>&ZeroWidthSpace;</mtext>
  <mn>0.3370655737313523</mn>
 </mrow>
</math>
</p>

<p class="Print">
 <math xmlns='http://www.w3.org/1998/Math/MathML'>
 <mrow>
  <mtext>M=</mtext>
  <mtext>&ZeroWidthSpace;</mtext>
  <mn>0.3100000000000001</mn>
  <mtext>&ZeroWidthSpace;</mtext>
  <mtext>  Profit=</mtext>
  <mtext>&ZeroWidthSpace;</mtext>
  <mn>0.33746277030185207</mn>
 </mrow>
</math>
</p>

<p class="Print">
 <math xmlns='http://www.w3.org/1998/Math/MathML'>
 <mrow>
  <mtext>M=</mtext>
  <mtext>&ZeroWidthSpace;</mtext>
  <mn>0.3200000000000001</mn>
  <mtext>&ZeroWidthSpace;</mtext>
  <mtext>  Profit=</mtext>
  <mtext>&ZeroWidthSpace;</mtext>
  <mn>0.3376871955679757</mn>
 </mrow>
</math>
</p>

<p class="Print">
 <math xmlns='http://www.w3.org/1998/Math/MathML'>
 <mrow>
  <mtext>M=</mtext>
  <mtext>&ZeroWidthSpace;</mtext>
  <mn>0.3300000000000001</mn>
  <mtext>&ZeroWidthSpace;</mtext>
  <mtext>  Profit=</mtext>
  <mtext>&ZeroWidthSpace;</mtext>
  <mn>0.3377467025541378</mn>
 </mrow>
</math>
</p>

<p class="Print">
 <math xmlns='http://www.w3.org/1998/Math/MathML'>
 <mrow>
  <mtext>M=</mtext>
  <mtext>&ZeroWidthSpace;</mtext>
  <mn>0.34000000000000014</mn>
  <mtext>&ZeroWidthSpace;</mtext>
  <mtext>  Profit=</mtext>
  <mtext>&ZeroWidthSpace;</mtext>
  <mn>0.337648644201268</mn>
 </mrow>
</math>
</p>

<p class="Print">
 <math xmlns='http://www.w3.org/1998/Math/MathML'>
 <mrow>
  <mtext>M=</mtext>
  <mtext>&ZeroWidthSpace;</mtext>
  <mn>0.35000000000000014</mn>
  <mtext>&ZeroWidthSpace;</mtext>
  <mtext>  Profit=</mtext>
  <mtext>&ZeroWidthSpace;</mtext>
  <mn>0.3373998276826469</mn>
 </mrow>
</math>
</p>

<p class="Print">
 <math xmlns='http://www.w3.org/1998/Math/MathML'>
 <mrow>
  <mtext>M=</mtext>
  <mtext>&ZeroWidthSpace;</mtext>
  <mn>0.36000000000000015</mn>
  <mtext>&ZeroWidthSpace;</mtext>
  <mtext>  Profit=</mtext>
  <mtext>&ZeroWidthSpace;</mtext>
  <mn>0.33700657840080844</mn>
 </mrow>
</math>
</p>

<p class="Print">
 <math xmlns='http://www.w3.org/1998/Math/MathML'>
 <mrow>
  <mtext>M=</mtext>
  <mtext>&ZeroWidthSpace;</mtext>
  <mn>0.37000000000000016</mn>
  <mtext>&ZeroWidthSpace;</mtext>
  <mtext>  Profit=</mtext>
  <mtext>&ZeroWidthSpace;</mtext>
  <mn>0.3364747864726398</mn>
 </mrow>
</math>
</p>

<p class="Print">
 <math xmlns='http://www.w3.org/1998/Math/MathML'>
 <mrow>
  <mtext>M=</mtext>
  <mtext>&ZeroWidthSpace;</mtext>
  <mn>0.38000000000000017</mn>
  <mtext>&ZeroWidthSpace;</mtext>
  <mtext>  Profit=</mtext>
  <mtext>&ZeroWidthSpace;</mtext>
  <mn>0.3358099475993552</mn>
 </mrow>
</math>
</p>

<p class="Print">
 <math xmlns='http://www.w3.org/1998/Math/MathML'>
 <mrow>
  <mtext>M=</mtext>
  <mtext>&ZeroWidthSpace;</mtext>
  <mn>0.3900000000000002</mn>
  <mtext>&ZeroWidthSpace;</mtext>
  <mtext>  Profit=</mtext>
  <mtext>&ZeroWidthSpace;</mtext>
  <mn>0.3350171991289133</mn>
 </mrow>
</math>
</p>

<p class="Print">
 <math xmlns='http://www.w3.org/1998/Math/MathML'>
 <mrow>
  <mtext>M=</mtext>
  <mtext>&ZeroWidthSpace;</mtext>
  <mn>0.4000000000000002</mn>
  <mtext>&ZeroWidthSpace;</mtext>
  <mtext>  Profit=</mtext>
  <mtext>&ZeroWidthSpace;</mtext>
  <mn>0.33410135198464325</mn>
 </mrow>
</math>
</p>

<p class="Print">
 <math xmlns='http://www.w3.org/1998/Math/MathML'>
 <mrow>
  <mtext>M=</mtext>
  <mtext>&ZeroWidthSpace;</mtext>
  <mn>0.4100000000000002</mn>
  <mtext>&ZeroWidthSpace;</mtext>
  <mtext>  Profit=</mtext>
  <mtext>&ZeroWidthSpace;</mtext>
  <mn>0.33306691902502855</mn>
 </mrow>
</math>
</p>

<p class="Print">
 <math xmlns='http://www.w3.org/1998/Math/MathML'>
 <mrow>
  <mtext>M=</mtext>
  <mtext>&ZeroWidthSpace;</mtext>
  <mn>0.4200000000000002</mn>
  <mtext>&ZeroWidthSpace;</mtext>
  <mtext>  Profit=</mtext>
  <mtext>&ZeroWidthSpace;</mtext>
  <mn>0.33191814031051564</mn>
 </mrow>
</math>
</p>

<p class="Print">
 <math xmlns='http://www.w3.org/1998/Math/MathML'>
 <mrow>
  <mtext>M=</mtext>
  <mtext>&ZeroWidthSpace;</mtext>
  <mn>0.4300000000000002</mn>
  <mtext>&ZeroWidthSpace;</mtext>
  <mtext>  Profit=</mtext>
  <mtext>&ZeroWidthSpace;</mtext>
  <mn>0.3306590056800122</mn>
 </mrow>
</math>
</p>

<p class="Print">
 <math xmlns='http://www.w3.org/1998/Math/MathML'>
 <mrow>
  <mtext>M=</mtext>
  <mtext>&ZeroWidthSpace;</mtext>
  <mn>0.4400000000000002</mn>
  <mtext>&ZeroWidthSpace;</mtext>
  <mtext>  Profit=</mtext>
  <mtext>&ZeroWidthSpace;</mtext>
  <mn>0.3292932749791954</mn>
 </mrow>
</math>
</p>

<p class="Print">
 <math xmlns='http://www.w3.org/1998/Math/MathML'>
 <mrow>
  <mtext>M=</mtext>
  <mtext>&ZeroWidthSpace;</mtext>
  <mn>0.45000000000000023</mn>
  <mtext>&ZeroWidthSpace;</mtext>
  <mtext>  Profit=</mtext>
  <mtext>&ZeroWidthSpace;</mtext>
  <mn>0.32782451219679526</mn>
 </mrow>
</math>
</p>

<p class="Input">
 <math xmlns='http://www.w3.org/1998/Math/MathML'>
 <mi>profit</mi>
</math>
</p>

<p class="Output">
 <math xmlns='http://www.w3.org/1998/Math/MathML'>
 <mrow>
  <mo>{</mo>
  <mrow>
   <mrow>
    <mo>{</mo>
    <mrow>
     <mn>0.15</mn>
     <mo>,</mo>
     <mn>0.30186192018740854</mn>
    </mrow>
    <mo>}</mo>
   </mrow>
   <mo>,</mo>
   <mrow>
    <mo>{</mo>
    <mrow>
     <mn>0.16</mn>
     <mo>,</mo>
     <mn>0.3065856212862036</mn>
    </mrow>
    <mo>}</mo>
   </mrow>
   <mo>,</mo>
   <mrow>
    <mo>{</mo>
    <mrow>
     <mn>0.17</mn>
     <mo>,</mo>
     <mn>0.3108471158233518</mn>
    </mrow>
    <mo>}</mo>
   </mrow>
   <mo>,</mo>
   <mrow>
    <mo>{</mo>
    <mrow>
     <mn>0.18000000000000002</mn>
     <mo>,</mo>
     <mn>0.3146863788418648</mn>
    </mrow>
    <mo>}</mo>
   </mrow>
   <mo>,</mo>
   <mrow>
    <mo>{</mo>
    <mrow>
     <mn>0.19000000000000003</mn>
     <mo>,</mo>
     <mn>0.3181379075931209</mn>
    </mrow>
    <mo>}</mo>
   </mrow>
   <mo>,</mo>
   <mrow>
    <mo>{</mo>
    <mrow>
     <mn>0.20000000000000004</mn>
     <mo>,</mo>
     <mn>0.32123171934954786</mn>
    </mrow>
    <mo>}</mo>
   </mrow>
   <mo>,</mo>
   <mrow>
    <mo>{</mo>
    <mrow>
     <mn>0.21000000000000005</mn>
     <mo>,</mo>
     <mn>0.3239941287677056</mn>
    </mrow>
    <mo>}</mo>
   </mrow>
   <mo>,</mo>
   <mrow>
    <mo>{</mo>
    <mrow>
     <mn>0.22000000000000006</mn>
     <mo>,</mo>
     <mn>0.3264483522814058</mn>
    </mrow>
    <mo>}</mo>
   </mrow>
   <mo>,</mo>
   <mrow>
    <mo>{</mo>
    <mrow>
     <mn>0.23000000000000007</mn>
     <mo>,</mo>
     <mn>0.3286149986104687</mn>
    </mrow>
    <mo>}</mo>
   </mrow>
   <mo>,</mo>
   <mrow>
    <mo>{</mo>
    <mrow>
     <mn>0.24000000000000007</mn>
     <mo>,</mo>
     <mn>0.330512465603224</mn>
    </mrow>
    <mo>}</mo>
   </mrow>
   <mo>,</mo>
   <mrow>
    <mo>{</mo>
    <mrow>
     <mn>0.25000000000000006</mn>
     <mo>,</mo>
     <mn>0.3321572547052675</mn>
    </mrow>
    <mo>}</mo>
   </mrow>
   <mo>,</mo>
   <mrow>
    <mo>{</mo>
    <mrow>
     <mn>0.26000000000000006</mn>
     <mo>,</mo>
     <mn>0.3335642352340215</mn>
    </mrow>
    <mo>}</mo>
   </mrow>
   <mo>,</mo>
   <mrow>
    <mo>{</mo>
    <mrow>
     <mn>0.2700000000000001</mn>
     <mo>,</mo>
     <mn>0.33474686201817455</mn>
    </mrow>
    <mo>}</mo>
   </mrow>
   <mo>,</mo>
   <mrow>
    <mo>{</mo>
    <mrow>
     <mn>0.2800000000000001</mn>
     <mo>,</mo>
     <mn>0.3357173596692364</mn>
    </mrow>
    <mo>}</mo>
   </mrow>
   <mo>,</mo>
   <mrow>
    <mo>{</mo>
    <mrow>
     <mn>0.2900000000000001</mn>
     <mo>,</mo>
     <mn>0.3364868660220863</mn>
    </mrow>
    <mo>}</mo>
   </mrow>
   <mo>,</mo>
   <mrow>
    <mo>{</mo>
    <mrow>
     <mn>0.3000000000000001</mn>
     <mo>,</mo>
     <mn>0.3370655737313523</mn>
    </mrow>
    <mo>}</mo>
   </mrow>
   <mo>,</mo>
   <mrow>
    <mo>{</mo>
    <mrow>
     <mn>0.3100000000000001</mn>
     <mo>,</mo>
     <mn>0.33746277030185207</mn>
    </mrow>
    <mo>}</mo>
   </mrow>
   <mo>,</mo>
   <mrow>
    <mo>{</mo>
    <mrow>
     <mn>0.3200000000000001</mn>
     <mo>,</mo>
     <mn>0.3376871955679757</mn>
    </mrow>
    <mo>}</mo>
   </mrow>
   <mo>,</mo>
   <mrow>
    <mo>{</mo>
    <mrow>
     <mn>0.3300000000000001</mn>
     <mo>,</mo>
     <mn>0.3377467025541378</mn>
    </mrow>
    <mo>}</mo>
   </mrow>
   <mo>,</mo>
   <mrow>
    <mo>{</mo>
    <mrow>
     <mn>0.34000000000000014</mn>
     <mo>,</mo>
     <mn>0.337648644201268</mn>
    </mrow>
    <mo>}</mo>
   </mrow>
   <mo>,</mo>
   <mrow>
    <mo>{</mo>
    <mrow>
     <mn>0.35000000000000014</mn>
     <mo>,</mo>
     <mn>0.3373998276826469</mn>
    </mrow>
    <mo>}</mo>
   </mrow>
   <mo>,</mo>
   <mrow>
    <mo>{</mo>
    <mrow>
     <mn>0.36000000000000015</mn>
     <mo>,</mo>
     <mn>0.33700657840080844</mn>
    </mrow>
    <mo>}</mo>
   </mrow>
   <mo>,</mo>
   <mrow>
    <mo>{</mo>
    <mrow>
     <mn>0.37000000000000016</mn>
     <mo>,</mo>
     <mn>0.3364747864726398</mn>
    </mrow>
    <mo>}</mo>
   </mrow>
   <mo>,</mo>
   <mrow>
    <mo>{</mo>
    <mrow>
     <mn>0.38000000000000017</mn>
     <mo>,</mo>
     <mn>0.3358099475993552</mn>
    </mrow>
    <mo>}</mo>
   </mrow>
   <mo>,</mo>
   <mrow>
    <mo>{</mo>
    <mrow>
     <mn>0.3900000000000002</mn>
     <mo>,</mo>
     <mn>0.3350171991289133</mn>
    </mrow>
    <mo>}</mo>
   </mrow>
   <mo>,</mo>
   <mrow>
    <mo>{</mo>
    <mrow>
     <mn>0.4000000000000002</mn>
     <mo>,</mo>
     <mn>0.33410135198464325</mn>
    </mrow>
    <mo>}</mo>
   </mrow>
   <mo>,</mo>
   <mrow>
    <mo>{</mo>
    <mrow>
     <mn>0.4100000000000002</mn>
     <mo>,</mo>
     <mn>0.33306691902502855</mn>
    </mrow>
    <mo>}</mo>
   </mrow>
   <mo>,</mo>
   <mrow>
    <mo>{</mo>
    <mrow>
     <mn>0.4200000000000002</mn>
     <mo>,</mo>
     <mn>0.33191814031051564</mn>
    </mrow>
    <mo>}</mo>
   </mrow>
   <mo>,</mo>
   <mrow>
    <mo>{</mo>
    <mrow>
     <mn>0.4300000000000002</mn>
     <mo>,</mo>
     <mn>0.3306590056800122</mn>
    </mrow>
    <mo>}</mo>
   </mrow>
   <mo>,</mo>
   <mrow>
    <mo>{</mo>
    <mrow>
     <mn>0.4400000000000002</mn>
     <mo>,</mo>
     <mn>0.3292932749791954</mn>
    </mrow>
    <mo>}</mo>
   </mrow>
   <mo>,</mo>
   <mrow>
    <mo>{</mo>
    <mrow>
     <mn>0.45000000000000023</mn>
     <mo>,</mo>
     <mn>0.32782451219679526</mn>
    </mrow>
    <mo>}</mo>
   </mrow>
  </mrow>
  <mo>}</mo>
 </mrow>
</math>
</p>

<p class="Input">
 <math xmlns='http://www.w3.org/1998/Math/MathML'>
 <mrow>
  <mi>ListPlot</mi>
  <mo>[</mo>
  <mrow>
   <mi>profit</mi>
   <mo>,</mo>
   <mrow>
    <mi>FrameLabel</mi>
    <mo>&rightarrow;</mo>
    <mrow>
     <mo>{</mo>
     <mrow>
      <semantics>
       <mrow>
        <msub>
         <ms>M</ms>
         <ms>0</ms>
        </msub>
       </mrow>
       <annotation encoding='Mathematica'>&quot;\&quot;\!\(\*SubscriptBox[\(M\), \(0\)]\)\&quot;&quot;</annotation>
      </semantics>
      <mo>,</mo>
      <msub>
       <mi>&Omega;</mi>
       <mi>con</mi>
      </msub>
     </mrow>
     <mo>}</mo>
    </mrow>
   </mrow>
   <mo>,</mo>
   <mrow>
    <mi>AxesOrigin</mi>
    <mo>&rightarrow;</mo>
    <mrow>
     <mo>{</mo>
     <mrow>
      <mn>0.2</mn>
      <mo>,</mo>
      <mn>0.32</mn>
     </mrow>
     <mo>}</mo>
    </mrow>
   </mrow>
   <mo>,</mo>
   <mrow>
    <mi>GridLines</mi>
    <mo>&rightarrow;</mo>
    <mi>Automatic</mi>
   </mrow>
   <mo>,</mo>
   <mrow>
    <mi>GridLinesStyle</mi>
    <mo>&rightarrow;</mo>
    <mi>Dashed</mi>
   </mrow>
   <mo>,</mo>
   <mrow>
    <mi>PlotMarkers</mi>
    <mo>&rightarrow;</mo>
    <mrow>
     <mo>{</mo>
     <mrow>
      <mi>Automatic</mi>
      <mo>,</mo>
      <mi>Medium</mi>
     </mrow>
     <mo>}</mo>
    </mrow>
   </mrow>
   <mo>,</mo>
   <mrow>
    <mi>PlotStyle</mi>
    <mo>&rightarrow;</mo>
    <mi>Red</mi>
   </mrow>
   <mo>,</mo>
   <mrow>
    <mi>Frame</mi>
    <mo>&rightarrow;</mo>
    <mi>True</mi>
   </mrow>
  </mrow>
  <mo>]</mo>
 </mrow>
</math>
</p>

<p class="Output">
 <img src='HTMLFiles/math_const_N2eps01ab_4.gif' alt='"math_const_N2eps01ab_4.gif"' width='450' height='288' style='vertical-align:middle' />
</p>

<div style='font-family:Helvetica; font-size:11px; width:100%; border:1px none #999999; border-top-style:solid; padding-top:2px; margin-top:20px;'>
 <a href='http://www.wolfram.com/products/mathematica/' style='color:#000; text-decoration:none;'>
  <img src='HTMLFiles/spikeyIcon.jpg' alt='Spikey' width='20' height='21' style='padding-right:2px; border:0px solid white; vertical-align:middle;' />
  <span style="color:#555555">Created with</span> Wolfram <span style="font-style: italic;">Mathematica</span> 7.0
 </a>
</div>
</body>

</html>
