<?xml version="1.0" encoding="UTF-8"?>
<?xml-stylesheet type="text/xsl" href="HTMLFiles/pmathml.xsl"?>
<!DOCTYPE html PUBLIC "-//W3C//DTD XHTML 1.1 plus MathML 2.0//EN"
        "HTMLFiles/xhtml-math11-f.dtd">

<!-- Created by Wolfram Mathematica 7.0 : www.wolfram.com -->

<html xmlns="http://www.w3.org/1999/xhtml">
<head>
 <title>
  math_adaptive
 </title>
 <link href="HTMLFiles/Default.css" rel="stylesheet" type="text/css" />
</head>

<body style="font-size: 125%;">

<p class="Section">
 Handles both N=2 and 4
</p>



<p class="Input">
 <img src='HTMLFiles/math_adaptive_1.gif' alt='"math_adaptive_1.gif"' width='916' height='548' style='vertical-align:middle' />
</p>

<p class="Input">
 <img src='HTMLFiles/math_adaptive_2.gif' alt='"math_adaptive_2.gif"' width='756' height='261' style='vertical-align:middle' />
</p>

<p class="Print">
 <math xmlns='http://www.w3.org/1998/Math/MathML'>
 <mrow>
  <mtext>eps=</mtext>
  <mtext>&ZeroWidthSpace;</mtext>
  <mn>0.025</mn>
 </mrow>
</math>
</p>

<p class="Print">
 <math xmlns='http://www.w3.org/1998/Math/MathML'>
 <mrow>
  <mtext>Profit=</mtext>
  <mtext>&ZeroWidthSpace;</mtext>
  <mn>0.562043436239775</mn>
  <mtext>&ZeroWidthSpace;</mtext>
  <mtext> AgentPay=</mtext>
  <mtext>&ZeroWidthSpace;</mtext>
  <mn>0.31433444282433104</mn>
  <mtext>&ZeroWidthSpace;</mtext>
  <mtext>  Socwel=</mtext>
  <mtext>&ZeroWidthSpace;</mtext>
  <mn>1.6622139861249337</mn>
 </mrow>
</math>
</p>

<p class="Print">
 <math xmlns='http://www.w3.org/1998/Math/MathML'>
 <mrow>
  <mtext>eps=</mtext>
  <mtext>&ZeroWidthSpace;</mtext>
  <mn>0.05</mn>
 </mrow>
</math>
</p>

<p class="Print">
 <math xmlns='http://www.w3.org/1998/Math/MathML'>
 <mrow>
  <mtext>Profit=</mtext>
  <mtext>&ZeroWidthSpace;</mtext>
  <mn>0.5454187637671335</mn>
  <mtext>&ZeroWidthSpace;</mtext>
  <mtext> AgentPay=</mtext>
  <mtext>&ZeroWidthSpace;</mtext>
  <mn>0.5841319149611142</mn>
  <mtext>&ZeroWidthSpace;</mtext>
  <mtext>  Socwel=</mtext>
  <mtext>&ZeroWidthSpace;</mtext>
  <mn>2.5898804661310333</mn>
 </mrow>
</math>
</p>

<p class="Print">
 <math xmlns='http://www.w3.org/1998/Math/MathML'>
 <mrow>
  <mtext>eps=</mtext>
  <mtext>&ZeroWidthSpace;</mtext>
  <mn>0.07500000000000001</mn>
 </mrow>
</math>
</p>

<p class="Print">
 <math xmlns='http://www.w3.org/1998/Math/MathML'>
 <mrow>
  <mtext>Profit=</mtext>
  <mtext>&ZeroWidthSpace;</mtext>
  <mn>0.5287943202896668</mn>
  <mtext>&ZeroWidthSpace;</mtext>
  <mtext> AgentPay=</mtext>
  <mtext>&ZeroWidthSpace;</mtext>
  <mn>0.8539292928209613</mn>
  <mtext>&ZeroWidthSpace;</mtext>
  <mtext>  Socwel=</mtext>
  <mtext>&ZeroWidthSpace;</mtext>
  <mn>3.5175468451630314</mn>
 </mrow>
</math>
</p>

<p class="Print">
 <math xmlns='http://www.w3.org/1998/Math/MathML'>
 <mrow>
  <mtext>eps=</mtext>
  <mtext>&ZeroWidthSpace;</mtext>
  <mn>0.1</mn>
 </mrow>
</math>
</p>

<p class="Print">
 <math xmlns='http://www.w3.org/1998/Math/MathML'>
 <mrow>
  <mtext>Profit=</mtext>
  <mtext>&ZeroWidthSpace;</mtext>
  <mn>0.5121701061670646</mn>
  <mtext>&ZeroWidthSpace;</mtext>
  <mtext> AgentPay=</mtext>
  <mtext>&ZeroWidthSpace;</mtext>
  <mn>1.1237265761685524</mn>
  <mtext>&ZeroWidthSpace;</mtext>
  <mtext>  Socwel=</mtext>
  <mtext>&ZeroWidthSpace;</mtext>
  <mn>4.445213122756998</mn>
 </mrow>
</math>
</p>

<p class="Print">
 <math xmlns='http://www.w3.org/1998/Math/MathML'>
 <mrow>
  <mtext>eps=</mtext>
  <mtext>&ZeroWidthSpace;</mtext>
  <mn>0.125</mn>
 </mrow>
</math>
</p>

<p class="Print">
 <math xmlns='http://www.w3.org/1998/Math/MathML'>
 <mrow>
  <mtext>Profit=</mtext>
  <mtext>&ZeroWidthSpace;</mtext>
  <mn>0.4955461217597988</mn>
  <mtext>&ZeroWidthSpace;</mtext>
  <mtext> AgentPay=</mtext>
  <mtext>&ZeroWidthSpace;</mtext>
  <mn>1.3935237647678669</mn>
  <mtext>&ZeroWidthSpace;</mtext>
  <mtext>  Socwel=</mtext>
  <mtext>&ZeroWidthSpace;</mtext>
  <mn>5.372879298447333</mn>
 </mrow>
</math>
</p>

<p class="Print">
 <math xmlns='http://www.w3.org/1998/Math/MathML'>
 <mrow>
  <mtext>eps=</mtext>
  <mtext>&ZeroWidthSpace;</mtext>
  <mn>0.15</mn>
 </mrow>
</math>
</p>

<p class="Print">
 <math xmlns='http://www.w3.org/1998/Math/MathML'>
 <mrow>
  <mtext>Profit=</mtext>
  <mtext>&ZeroWidthSpace;</mtext>
  <mn>0.47892236742912647</mn>
  <mtext>&ZeroWidthSpace;</mtext>
  <mtext> AgentPay=</mtext>
  <mtext>&ZeroWidthSpace;</mtext>
  <mn>1.6633208583821801</mn>
  <mtext>&ZeroWidthSpace;</mtext>
  <mtext>  Socwel=</mtext>
  <mtext>&ZeroWidthSpace;</mtext>
  <mn>6.3005453717667566</mn>
 </mrow>
</math>
</p>

<p class="Print">
 <math xmlns='http://www.w3.org/1998/Math/MathML'>
 <mrow>
  <mtext>eps=</mtext>
  <mtext>&ZeroWidthSpace;</mtext>
  <mn>0.175</mn>
 </mrow>
</math>
</p>

<p class="Print">
 <math xmlns='http://www.w3.org/1998/Math/MathML'>
 <mrow>
  <mtext>Profit=</mtext>
  <mtext>&ZeroWidthSpace;</mtext>
  <mn>0.4622988435370895</mn>
  <mtext>&ZeroWidthSpace;</mtext>
  <mtext> AgentPay=</mtext>
  <mtext>&ZeroWidthSpace;</mtext>
  <mn>1.933117856774064</mn>
  <mtext>&ZeroWidthSpace;</mtext>
  <mtext>  Socwel=</mtext>
  <mtext>&ZeroWidthSpace;</mtext>
  <mn>7.228211342246313</mn>
 </mrow>
</math>
</p>

<p class="Print">
 <math xmlns='http://www.w3.org/1998/Math/MathML'>
 <mrow>
  <mtext>eps=</mtext>
  <mtext>&ZeroWidthSpace;</mtext>
  <mn>0.19999999999999998</mn>
 </mrow>
</math>
</p>

<p class="Print">
 <math xmlns='http://www.w3.org/1998/Math/MathML'>
 <mrow>
  <mtext>Profit=</mtext>
  <mtext>&ZeroWidthSpace;</mtext>
  <mn>0.44567555044651874</mn>
  <mtext>&ZeroWidthSpace;</mtext>
  <mtext> AgentPay=</mtext>
  <mtext>&ZeroWidthSpace;</mtext>
  <mn>2.2029147597053775</mn>
  <mtext>&ZeroWidthSpace;</mtext>
  <mtext>  Socwel=</mtext>
  <mtext>&ZeroWidthSpace;</mtext>
  <mn>8.15587720941534</mn>
 </mrow>
</math>
</p>

<p class="Print">
 <math xmlns='http://www.w3.org/1998/Math/MathML'>
 <mrow>
  <mtext>eps=</mtext>
  <mtext>&ZeroWidthSpace;</mtext>
  <mn>0.22499999999999998</mn>
 </mrow>
</math>
</p>

<p class="Print">
 <math xmlns='http://www.w3.org/1998/Math/MathML'>
 <mrow>
  <mtext>Profit=</mtext>
  <mtext>&ZeroWidthSpace;</mtext>
  <mn>0.4290524885210355</mn>
  <mtext>&ZeroWidthSpace;</mtext>
  <mtext> AgentPay=</mtext>
  <mtext>&ZeroWidthSpace;</mtext>
  <mn>3.000315306754729</mn>
  <mtext>&ZeroWidthSpace;</mtext>
  <mtext>  Socwel=</mtext>
  <mtext>&ZeroWidthSpace;</mtext>
  <mn>10.930156062162586</mn>
 </mrow>
</math>
</p>

<p class="Print">
 <math xmlns='http://www.w3.org/1998/Math/MathML'>
 <mrow>
  <mtext>eps=</mtext>
  <mtext>&ZeroWidthSpace;</mtext>
  <mn>0.24999999999999997</mn>
 </mrow>
</math>
</p>

<p class="Print">
 <math xmlns='http://www.w3.org/1998/Math/MathML'>
 <mrow>
  <mtext>Profit=</mtext>
  <mtext>&ZeroWidthSpace;</mtext>
  <mn>0.4124296581250526</mn>
  <mtext>&ZeroWidthSpace;</mtext>
  <mtext> AgentPay=</mtext>
  <mtext>&ZeroWidthSpace;</mtext>
  <mn>3.3287346558051403</mn>
  <mtext>&ZeroWidthSpace;</mtext>
  <mtext>  Socwel=</mtext>
  <mtext>&ZeroWidthSpace;</mtext>
  <mn>12.063000953443044</mn>
 </mrow>
</math>
</p>

<p class="Print">
 <math xmlns='http://www.w3.org/1998/Math/MathML'>
 <mrow>
  <mtext>profit=</mtext>
  <mtext>&ZeroWidthSpace;</mtext>
  <mrow>
   <mo>{</mo>
   <mrow>
    <mrow>
     <mo>{</mo>
     <mrow>
      <mn>0.025</mn>
      <mo>,</mo>
      <mn>0.562043436239775</mn>
     </mrow>
     <mo>}</mo>
    </mrow>
    <mo>,</mo>
    <mrow>
     <mo>{</mo>
     <mrow>
      <mn>0.05</mn>
      <mo>,</mo>
      <mn>0.5454187637671335</mn>
     </mrow>
     <mo>}</mo>
    </mrow>
    <mo>,</mo>
    <mrow>
     <mo>{</mo>
     <mrow>
      <mn>0.07500000000000001</mn>
      <mo>,</mo>
      <mn>0.5287943202896668</mn>
     </mrow>
     <mo>}</mo>
    </mrow>
    <mo>,</mo>
    <mrow>
     <mo>{</mo>
     <mrow>
      <mn>0.1</mn>
      <mo>,</mo>
      <mn>0.5121701061670646</mn>
     </mrow>
     <mo>}</mo>
    </mrow>
    <mo>,</mo>
    <mrow>
     <mo>{</mo>
     <mrow>
      <mn>0.125</mn>
      <mo>,</mo>
      <mn>0.4955461217597988</mn>
     </mrow>
     <mo>}</mo>
    </mrow>
    <mo>,</mo>
    <mrow>
     <mo>{</mo>
     <mrow>
      <mn>0.15</mn>
      <mo>,</mo>
      <mn>0.47892236742912647</mn>
     </mrow>
     <mo>}</mo>
    </mrow>
    <mo>,</mo>
    <mrow>
     <mo>{</mo>
     <mrow>
      <mn>0.175</mn>
      <mo>,</mo>
      <mn>0.4622988435370895</mn>
     </mrow>
     <mo>}</mo>
    </mrow>
    <mo>,</mo>
    <mrow>
     <mo>{</mo>
     <mrow>
      <mn>0.19999999999999998</mn>
      <mo>,</mo>
      <mn>0.44567555044651874</mn>
     </mrow>
     <mo>}</mo>
    </mrow>
    <mo>,</mo>
    <mrow>
     <mo>{</mo>
     <mrow>
      <mn>0.22499999999999998</mn>
      <mo>,</mo>
      <mn>0.4290524885210355</mn>
     </mrow>
     <mo>}</mo>
    </mrow>
    <mo>,</mo>
    <mrow>
     <mo>{</mo>
     <mrow>
      <mn>0.24999999999999997</mn>
      <mo>,</mo>
      <mn>0.4124296581250526</mn>
     </mrow>
     <mo>}</mo>
    </mrow>
   </mrow>
   <mo>}</mo>
  </mrow>
  <mtext>&ZeroWidthSpace;</mtext>
  <mtext>&NewLine;agtpay=</mtext>
  <mtext>&ZeroWidthSpace;</mtext>
  <mrow>
   <mo>{</mo>
   <mrow>
    <mrow>
     <mo>{</mo>
     <mrow>
      <mn>0.025</mn>
      <mo>,</mo>
      <mn>0.31433444282433104</mn>
     </mrow>
     <mo>}</mo>
    </mrow>
    <mo>,</mo>
    <mrow>
     <mo>{</mo>
     <mrow>
      <mn>0.05</mn>
      <mo>,</mo>
      <mn>0.5841319149611142</mn>
     </mrow>
     <mo>}</mo>
    </mrow>
    <mo>,</mo>
    <mrow>
     <mo>{</mo>
     <mrow>
      <mn>0.07500000000000001</mn>
      <mo>,</mo>
      <mn>0.8539292928209613</mn>
     </mrow>
     <mo>}</mo>
    </mrow>
    <mo>,</mo>
    <mrow>
     <mo>{</mo>
     <mrow>
      <mn>0.1</mn>
      <mo>,</mo>
      <mn>1.1237265761685524</mn>
     </mrow>
     <mo>}</mo>
    </mrow>
    <mo>,</mo>
    <mrow>
     <mo>{</mo>
     <mrow>
      <mn>0.125</mn>
      <mo>,</mo>
      <mn>1.3935237647678669</mn>
     </mrow>
     <mo>}</mo>
    </mrow>
    <mo>,</mo>
    <mrow>
     <mo>{</mo>
     <mrow>
      <mn>0.15</mn>
      <mo>,</mo>
      <mn>1.6633208583821801</mn>
     </mrow>
     <mo>}</mo>
    </mrow>
    <mo>,</mo>
    <mrow>
     <mo>{</mo>
     <mrow>
      <mn>0.175</mn>
      <mo>,</mo>
      <mn>1.933117856774064</mn>
     </mrow>
     <mo>}</mo>
    </mrow>
    <mo>,</mo>
    <mrow>
     <mo>{</mo>
     <mrow>
      <mn>0.19999999999999998</mn>
      <mo>,</mo>
      <mn>2.2029147597053775</mn>
     </mrow>
     <mo>}</mo>
    </mrow>
    <mo>,</mo>
    <mrow>
     <mo>{</mo>
     <mrow>
      <mn>0.22499999999999998</mn>
      <mo>,</mo>
      <mn>3.000315306754729</mn>
     </mrow>
     <mo>}</mo>
    </mrow>
    <mo>,</mo>
    <mrow>
     <mo>{</mo>
     <mrow>
      <mn>0.24999999999999997</mn>
      <mo>,</mo>
      <mn>3.3287346558051403</mn>
     </mrow>
     <mo>}</mo>
    </mrow>
   </mrow>
   <mo>}</mo>
  </mrow>
  <mtext>&ZeroWidthSpace;</mtext>
  <mtext>&NewLine;socwel=</mtext>
  <mtext>&ZeroWidthSpace;</mtext>
  <mrow>
   <mo>{</mo>
   <mrow>
    <mrow>
     <mo>{</mo>
     <mrow>
      <mn>0.025</mn>
      <mo>,</mo>
      <mn>1.6622139861249337</mn>
     </mrow>
     <mo>}</mo>
    </mrow>
    <mo>,</mo>
    <mrow>
     <mo>{</mo>
     <mrow>
      <mn>0.05</mn>
      <mo>,</mo>
      <mn>2.5898804661310333</mn>
     </mrow>
     <mo>}</mo>
    </mrow>
    <mo>,</mo>
    <mrow>
     <mo>{</mo>
     <mrow>
      <mn>0.07500000000000001</mn>
      <mo>,</mo>
      <mn>3.5175468451630314</mn>
     </mrow>
     <mo>}</mo>
    </mrow>
    <mo>,</mo>
    <mrow>
     <mo>{</mo>
     <mrow>
      <mn>0.1</mn>
      <mo>,</mo>
      <mn>4.445213122756998</mn>
     </mrow>
     <mo>}</mo>
    </mrow>
    <mo>,</mo>
    <mrow>
     <mo>{</mo>
     <mrow>
      <mn>0.125</mn>
      <mo>,</mo>
      <mn>5.372879298447333</mn>
     </mrow>
     <mo>}</mo>
    </mrow>
    <mo>,</mo>
    <mrow>
     <mo>{</mo>
     <mrow>
      <mn>0.15</mn>
      <mo>,</mo>
      <mn>6.3005453717667566</mn>
     </mrow>
     <mo>}</mo>
    </mrow>
    <mo>,</mo>
    <mrow>
     <mo>{</mo>
     <mrow>
      <mn>0.175</mn>
      <mo>,</mo>
      <mn>7.228211342246313</mn>
     </mrow>
     <mo>}</mo>
    </mrow>
    <mo>,</mo>
    <mrow>
     <mo>{</mo>
     <mrow>
      <mn>0.19999999999999998</mn>
      <mo>,</mo>
      <mn>8.15587720941534</mn>
     </mrow>
     <mo>}</mo>
    </mrow>
    <mo>,</mo>
    <mrow>
     <mo>{</mo>
     <mrow>
      <mn>0.22499999999999998</mn>
      <mo>,</mo>
      <mn>10.930156062162586</mn>
     </mrow>
     <mo>}</mo>
    </mrow>
    <mo>,</mo>
    <mrow>
     <mo>{</mo>
     <mrow>
      <mn>0.24999999999999997</mn>
      <mo>,</mo>
      <mn>12.063000953443044</mn>
     </mrow>
     <mo>}</mo>
    </mrow>
   </mrow>
   <mo>}</mo>
  </mrow>
 </mrow>
</math>
</p>

<p class="Input">
 <math xmlns='http://www.w3.org/1998/Math/MathML'>
 <mrow>
  <mi>Table</mi>
  <mo>[</mo>
  <mrow>
   <mrow>
    <mi>profit</mi>
    <mo>[</mo>
    <mrow>
     <mo>[</mo>
     <mrow>
      <mi>i</mi>
      <mo>,</mo>
      <mn>2</mn>
     </mrow>
     <mo>]</mo>
    </mrow>
    <mo>]</mo>
   </mrow>
   <mo>,</mo>
   <mrow>
    <mo>{</mo>
    <mrow>
     <mi>i</mi>
     <mo>,</mo>
     <mn>1</mn>
     <mo>,</mo>
     <mn>10</mn>
    </mrow>
    <mo>}</mo>
   </mrow>
  </mrow>
  <mo>]</mo>
 </mrow>
</math>
</p>

<p class="Output">
 <math xmlns='http://www.w3.org/1998/Math/MathML'>
 <mrow>
  <mo>{</mo>
  <mrow>
   <mn>0.562043436239775</mn>
   <mo>,</mo>
   <mn>0.5454187637671335</mn>
   <mo>,</mo>
   <mn>0.5287943202896668</mn>
   <mo>,</mo>
   <mn>0.5121701061670646</mn>
   <mo>,</mo>
   <mn>0.4955461217597988</mn>
   <mo>,</mo>
   <mn>0.47892236742912647</mn>
   <mo>,</mo>
   <mn>0.4622988435370895</mn>
   <mo>,</mo>
   <mn>0.44567555044651874</mn>
   <mo>,</mo>
   <mn>0.4290524885210355</mn>
   <mo>,</mo>
   <mn>0.4124296581250526</mn>
  </mrow>
  <mo>}</mo>
 </mrow>
</math>
</p>

<p class="Input">
 <math xmlns='http://www.w3.org/1998/Math/MathML'>
 <mrow>
  <mi>ListLinePlot</mi>
  <mo>[</mo>
  <mrow>
   <mi>profit</mi>
   <mo>,</mo>
   <mrow>
    <mi>AxesOrigin</mi>
    <mo>&rightarrow;</mo>
    <mrow>
     <mo>{</mo>
     <mrow>
      <mn>0</mn>
      <mo>,</mo>
      <mn>0.4</mn>
     </mrow>
     <mo>}</mo>
    </mrow>
   </mrow>
   <mo>,</mo>
   <mrow>
    <mi>AxesLabel</mi>
    <mo>&rightarrow;</mo>
    <mrow>
     <mo>{</mo>
     <mrow>
      <ms>Risk Aversion &#1013;</ms>
      <mo>,</mo>
      <mrow>
       <mi>Maximum</mi>
       <mo>&InvisibleTimes;</mo>
       <mi>Profit</mi>
       <mo>&InvisibleTimes;</mo>
       <mi>&Omega;</mi>
      </mrow>
     </mrow>
     <mo>}</mo>
    </mrow>
   </mrow>
   <mo>,</mo>
   <mrow>
    <mi>Filling</mi>
    <mo>&rightarrow;</mo>
    <mi>Axis</mi>
   </mrow>
   <mo>,</mo>
   <mrow>
    <mi>FillingStyle</mi>
    <mo>&rightarrow;</mo>
    <mi>Automatic</mi>
   </mrow>
   <mo>,</mo>
   <mrow>
    <mi>PlotMarkers</mi>
    <mo>&rightarrow;</mo>
    <mrow>
     <mo>{</mo>
     <mrow>
      <mi>Automatic</mi>
      <mo>,</mo>
      <mi>Medium</mi>
     </mrow>
     <mo>}</mo>
    </mrow>
   </mrow>
  </mrow>
  <mo>]</mo>
 </mrow>
</math>
</p>

<p class="Output">
 <img src='HTMLFiles/math_adaptive_3.gif' alt='"math_adaptive_3.gif"' width='450' height='233' style='vertical-align:middle' />
</p>

<p class="Input">
 <math xmlns='http://www.w3.org/1998/Math/MathML'>
 <mrow>
  <mi>N</mi>
  <mo>=</mo>
  <mn>2</mn>
 </mrow>
</math>
</p>

<p class="Input">
 <img src='HTMLFiles/math_adaptive_4.gif' alt='"math_adaptive_4.gif"' width='1735' height='217' style='vertical-align:middle' />
</p>

<p class="Input">
 <math xmlns='http://www.w3.org/1998/Math/MathML'>
 <mrow>
  <mi>ListLinePlot</mi>
  <mo>[</mo>
  <mrow>
   <mi>payoff</mi>
   <mo>,</mo>
   <mrow>
    <mi>AxesLabel</mi>
    <mo>&rightarrow;</mo>
    <mrow>
     <mo>{</mo>
     <mrow>
      <mi>n</mi>
      <mo>,</mo>
      <ms>Agent Payoff &pi;</ms>
     </mrow>
     <mo>}</mo>
    </mrow>
   </mrow>
   <mo>,</mo>
   <mrow>
    <mi>PlotStyle</mi>
    <mo>-&gt;</mo>
    <mrow>
     <mo>{</mo>
     <mrow>
      <mi>Black</mi>
      <mo>,</mo>
      <mi>Red</mi>
      <mo>,</mo>
      <mi>Blue</mi>
     </mrow>
     <mo>}</mo>
    </mrow>
   </mrow>
   <mo>,</mo>
   <mrow>
    <mi>PlotMarkers</mi>
    <mo>&rightarrow;</mo>
    <mrow>
     <mo>{</mo>
     <mrow>
      <mi>Automatic</mi>
      <mo>,</mo>
      <mi>Medium</mi>
     </mrow>
     <mo>}</mo>
    </mrow>
   </mrow>
   <mo>,</mo>
   <mrow>
    <mi>Filling</mi>
    <mo>&rightarrow;</mo>
    <mi>Axis</mi>
   </mrow>
   <mo>,</mo>
   <mrow>
    <mtext>(*</mtext>
    <mrow>
     <mrow>
      <mi>AxesOrigin</mi>
      <mo>&rightarrow;</mo>
      <mrow>
       <mo>{</mo>
       <mrow>
        <mn>1.8</mn>
        <mo>,</mo>
        <mn>0</mn>
       </mrow>
       <mo>}</mo>
      </mrow>
     </mrow>
     <mo>,</mo>
    </mrow>
    <mtext>*)</mtext>
   </mrow>
   <mo>&InvisibleTimes;</mo>
   <mrow>
    <mi>PlotLegend</mi>
    <mo>&rightarrow;</mo>
    <mrow>
     <mo>{</mo>
     <mrow>
      <mrow>
       <mi>Style</mi>
       <mo>[</mo>
       <mrow>
        <ms>Adaptive Prize</ms>
        <mo>,</mo>
        <mrow>
         <mi>FontSize</mi>
         <mo>&rightarrow;</mo>
         <mn>12</mn>
        </mrow>
       </mrow>
       <mo>]</mo>
      </mrow>
      <mo>,</mo>
      <mrow>
       <mi>Style</mi>
       <mo>[</mo>
       <mrow>
        <ms>Optimal Prize</ms>
        <mo>,</mo>
        <mrow>
         <mi>FontSize</mi>
         <mo>&rightarrow;</mo>
         <mn>12</mn>
        </mrow>
       </mrow>
       <mo>]</mo>
      </mrow>
      <mo>,</mo>
      <mrow>
       <mi>Style</mi>
       <mo>[</mo>
       <mrow>
        <ms>Standard Prize</ms>
        <mo>,</mo>
        <mrow>
         <mi>FontSize</mi>
         <mo>&rightarrow;</mo>
         <mn>12</mn>
        </mrow>
       </mrow>
       <mo>]</mo>
      </mrow>
     </mrow>
     <mo>}</mo>
    </mrow>
   </mrow>
   <mo>,</mo>
   <mrow>
    <mi>LegendPosition</mi>
    <mo>&rightarrow;</mo>
    <mrow>
     <mo>{</mo>
     <mrow>
      <mrow>
       <mo>-</mo>
       <mn>0.7</mn>
      </mrow>
      <mo>,</mo>
      <mn>0.2</mn>
     </mrow>
     <mo>}</mo>
    </mrow>
   </mrow>
   <mo>,</mo>
   <mrow>
    <mi>LegendShadow</mi>
    <mo>&rightarrow;</mo>
    <mi>None</mi>
   </mrow>
   <mo>,</mo>
   <mrow>
    <mi>LegendSize</mi>
    <mo>&rightarrow;</mo>
    <mrow>
     <mo>{</mo>
     <mrow>
      <mn>0.8</mn>
      <mo>,</mo>
      <mn>0.3</mn>
     </mrow>
     <mo>}</mo>
    </mrow>
   </mrow>
  </mrow>
  <mo>]</mo>
 </mrow>
</math>
</p>

<p class="Output">
 <img src='HTMLFiles/math_adaptive_5.gif' alt='"math_adaptive_5.gif"' width='450' height='281' style='vertical-align:middle' />
</p>

<p class="Input">
 <math xmlns='http://www.w3.org/1998/Math/MathML'>
 <mrow>
  <mi>N</mi>
  <mo>=</mo>
  <mn>4</mn>
 </mrow>
</math>
</p>

<p class="Input">
 <img src='HTMLFiles/math_adaptive_6.gif' alt='"math_adaptive_6.gif"' width='1627' height='63' style='vertical-align:middle' />
</p>

<div style='font-family:Helvetica; font-size:11px; width:100%; border:1px none #999999; border-top-style:solid; padding-top:2px; margin-top:20px;'>
 <a href='http://www.wolfram.com/products/mathematica/' style='color:#000; text-decoration:none;'>
  <img src='HTMLFiles/spikeyIcon.jpg' alt='Spikey' width='20' height='21' style='padding-right:2px; border:0px solid white; vertical-align:middle;' />
  <span style="color:#555555">Created with</span> Wolfram <span style="font-style: italic;">Mathematica</span> 7.0
 </a>
</div>
</body>

</html>
